ID,Age_Y,Gender,Weight_Kg,Height_cm,BMI,Speed_m/s,Jump_distance_cm
1,13,0,43.0,160.0,17.0,4.9,189.0
2,13,0,47.0,158.0,19.0,5.15,267.0
3,12,1,41.0,151.0,18.0,5.95,316.0
4,12,1,44.0,145.0,21.0,4.72,203.0
5,12,1,36.0,146.0,17.0,5.32,308.0
6,12,1,74.0,160.0,29.0,5.49,276.0
7,12,1,41.0,172.0,14.0,5.26,294.0
8,12,0,31.0,149.0,14.0,5.0,226.0
9,12,0,55.0,165.0,20.0,4.46,172.0
10,12,0,41.0,151.0,18.0,4.9,226.0
11,12,1,36.0,150.0,16.0,5.15,290.0
12,12,1,28.0,145.0,13.0,5.75,380.0
13,13,0,44.0,160.0,17.0,5.43,235.0
14,12,0,44.0,160.0,17.0,5.26,257.0
15,12,0,50.0,146.0,23.0,4.9,205.0
16,12,0,34.0,150.0,15.0,4.72,235.0
17,12,1,32.0,145.0,15.0,5.43,275.0
18,13,0,41.0,160.0,16.0,5.26,224.0
19,12,1,30.0,145.0,14.0,4.9,216.0
20,12,0,35.0,150.0,16.0,4.72,194.0
21,12,1,33.0,149.0,15.0,4.59,307.0
22,12,1,52.0,150.0,23.0,4.9,240.0
23,12,1,41.0,160.0,16.0,5.43,333.0
24,12,1,28.0,143.0,14.0,5.1,328.0
25,12,1,35.0,150.0,16.0,5.43,273.0
26,12,0,37.0,147.0,17.0,4.17,175.0
27,12,1,36.0,146.0,17.0,5.62,294.0
28,12,0,44.0,155.0,18.0,5.21,214.0
29,12,1,37.0,159.0,15.0,5.49,310.0
30,12,1,27.0,144.0,13.0,5.05,173.0
31,12,1,37.0,148.0,17.0,5.49,270.0
32,14,1,37.0,155.0,15.0,5.81,330.0
33,13,1,37.0,150.0,16.0,5.95,362.0
34,12,1,39.0,150.0,17.0,5.26,270.0
35,13,0,43.0,160.0,17.0,5.49,230.0
36,12,1,52.0,155.0,22.0,5.1,277.0
37,12,1,32.0,149.0,14.0,5.43,249.0
38,17,0,54.0,155.0,22.0,5.21,284.0
39,13,1,57.0,156.0,23.0,5.32,340.0
40,14,1,37.0,160.0,14.0,5.56,370.0
41,12,0,36.0,150.0,16.0,4.39,240.0
42,12,1,44.0,157.0,18.0,4.72,200.0
43,12,1,41.0,155.0,17.0,5.43,357.0
44,12,1,38.0,151.0,17.0,5.0,339.0
45,12,1,49.0,145.0,23.0,4.9,260.0
46,12,1,29.0,142.0,14.0,4.67,347.0
47,13,1,41.0,155.0,17.0,5.43,345.0
48,13,0,43.0,160.0,17.0,4.24,256.0
49,12,0,44.0,152.0,19.0,5.43,245.0
50,12,0,42.0,145.0,20.0,4.55,296.0
51,12,0,40.0,158.0,16.0,5.32,208.0
52,13,1,34.0,150.0,15.0,5.38,308.0
53,12,1,82.0,163.0,31.0,4.55,241.0
54,12,1,39.0,150.0,17.0,5.32,298.0
55,13,0,60.0,160.0,23.0,5.26,235.0
56,12,0,43.0,155.0,18.0,4.9,220.0
57,12,1,34.0,150.0,15.0,5.15,333.0
58,13,1,51.0,165.0,19.0,4.72,207.0
59,12,1,32.0,145.0,15.0,4.95,331.0
60,13,0,44.0,145.0,21.0,5.26,297.0
61,12,0,40.0,145.0,19.0,4.9,179.0
62,12,0,61.0,160.0,24.0,4.46,178.0
63,13,0,38.0,145.0,18.0,4.55,266.0
64,12,0,35.0,140.0,18.0,4.55,185.0
65,12,0,44.0,150.0,20.0,4.39,244.0
66,12,0,52.0,163.0,20.0,5.38,357.0
67,12,0,37.0,148.0,17.0,4.72,279.0
68,12,1,32.0,135.0,18.0,5.1,300.0
69,12,0,53.0,155.0,22.0,4.72,210.0
70,13,1,51.0,157.0,21.0,5.75,326.0
71,12,0,43.0,151.0,19.0,4.13,171.0
72,12,1,34.0,140.0,17.0,4.95,318.0
73,12,0,52.0,160.0,20.0,4.65,259.0
74,12,0,33.0,150.0,15.0,4.65,250.0
75,12,0,44.0,151.0,19.0,5.13,244.0
76,12,1,44.0,155.0,18.0,5.19,252.0
77,12,0,49.0,152.0,21.0,4.3,170.0
78,12,0,43.0,148.0,20.0,4.6,202.0
79,12,1,49.0,152.0,21.0,4.94,288.0
80,12,0,29.0,139.0,15.0,4.76,295.0
81,12,0,40.0,154.0,17.0,4.6,223.0
82,12,1,38.0,146.0,18.0,5.26,288.0
83,13,1,51.0,156.0,21.0,5.71,322.0
84,12,1,38.5,150.0,17.0,5.06,265.0
85,13,0,44.0,169.0,15.0,4.44,240.0
86,12,1,68.0,168.0,24.0,5.41,324.0
87,12,0,36.0,145.0,17.0,4.15,231.0
88,12,0,42.0,155.0,17.0,4.76,280.0
89,12,1,29.0,143.0,14.0,4.55,230.0
90,12,1,35.0,146.0,16.0,5.56,353.0
91,13,1,45.0,155.0,19.0,4.55,260.0
92,12,1,46.0,155.0,19.0,4.85,283.0
93,12,0,38.0,150.0,17.0,5.06,248.0
94,12,1,32.0,143.0,16.0,5.26,234.0
95,12,0,40.0,155.0,17.0,4.71,261.0
96,12,0,48.0,156.0,20.0,4.44,196.0
97,12,1,40.0,150.0,18.0,5.26,339.0
98,12,0,67.0,156.0,28.0,3.92,173.0
99,12,1,37.0,141.0,19.0,5.33,345.0
100,12,0,37.5,153.0,16.0,5.26,354.0
101,12,1,49.0,150.0,22.0,4.44,262.0
102,13,1,35.0,151.0,15.0,5.48,395.0
103,12,0,35.0,150.0,16.0,4.94,262.0
104,12,0,42.0,166.0,15.0,4.76,236.0
105,12,0,36.0,155.0,15.0,5.06,283.0
106,12,1,42.5,160.0,17.0,5.41,360.0
107,13,0,38.0,155.0,16.0,4.63,215.0
108,13,0,62.0,164.0,23.0,4.3,220.0
109,12,0,29.0,153.0,12.0,4.3,271.0
110,12,1,48.0,155.0,20.0,5.26,326.0
111,13,1,48.0,155.0,20.0,4.94,314.0
112,13,1,37.0,150.0,16.0,5.06,300.0
113,13,0,77.0,165.0,28.0,3.81,160.0
114,13,1,33.0,144.0,16.0,5.41,310.0
115,13,1,42.0,167.0,15.0,5.63,341.0
116,12,0,33.0,148.0,15.0,5.26,180.0
117,12,1,53.0,160.0,21.0,5.13,230.0
118,12,0,33.0,143.0,16.0,4.44,180.0
119,12,1,48.0,160.0,19.0,5.56,370.0
120,12,1,45.0,152.0,19.0,5.71,354.0
121,12,1,33.0,148.0,15.0,4.88,210.0
122,12,1,30.0,138.0,16.0,5.0,181.0
123,12,1,36.0,153.0,15.0,5.71,341.0
124,13,1,37.0,146.0,17.0,5.19,305.0
125,12,1,33.0,146.0,15.0,4.82,263.0
126,13,1,47.0,153.0,20.0,5.56,288.0
127,12,0,38.0,150.0,17.0,5.26,260.0
128,12,0,61.0,148.0,28.0,5.13,204.0
129,12,1,40.5,143.0,20.0,5.19,288.0
130,17,1,48.0,157.0,19.0,6.25,377.0
131,17,1,47.0,176.0,15.0,5.19,290.0
132,15,0,67.0,173.0,22.0,4.86,244.0
133,14,1,40.0,153.0,17.0,5.06,267.0
134,14,0,41.0,155.0,17.0,4.49,185.0
135,12,1,52.0,163.0,20.0,4.35,257.0
136,16,1,54.0,167.0,19.0,5.8,384.0
137,13,0,35.0,148.0,16.0,5.06,196.0
138,13,1,48.0,152.0,21.0,4.49,300.0
139,13,0,82.0,156.0,34.0,4.76,210.0
140,13,0,40.0,152.0,17.0,5.06,247.0
141,13,1,42.0,156.0,17.0,5.88,335.0
142,14,1,55.0,165.0,20.0,5.71,375.0
143,13,1,35.0,145.0,17.0,4.71,266.0
144,12,1,37.0,147.0,17.0,5.0,315.0
145,12,0,35.0,150.0,16.0,4.12,212.0
146,13,1,44.0,155.0,18.0,4.44,315.0
147,12,1,41.0,149.0,18.0,5.06,330.0
148,12,0,39.0,146.0,18.0,4.88,320.0
149,12,1,37.0,155.0,15.0,5.13,300.0
150,12,0,40.0,155.0,17.0,5.0,230.0
151,12,0,39.0,150.0,17.0,5.26,283.0
152,13,0,37.0,160.0,14.0,5.13,227.0
153,12,0,36.0,157.0,15.0,4.55,240.0
154,12,0,39.0,150.0,17.0,5.13,245.0
155,12,1,42.0,147.0,19.0,5.33,310.0
156,12,1,37.0,147.0,17.0,5.56,332.0
157,12,0,61.0,162.0,23.0,4.71,258.0
158,12,1,38.0,156.0,16.0,5.06,309.0
159,12,1,43.0,159.0,17.0,5.56,350.0
160,16,1,55.0,175.0,18.0,5.26,360.0
161,16,0,64.0,157.0,26.0,4.44,185.0
162,16,1,53.0,175.0,17.0,5.97,423.0
163,16,1,64.0,170.0,22.0,6.56,450.0
164,14,1,49.0,166.0,18.0,5.33,320.0
165,14,1,49.0,156.0,20.0,5.19,344.0
166,14,1,50.0,165.0,18.0,5.88,356.0
167,15,1,43.0,156.0,18.0,5.33,306.0
168,15,1,48.0,170.0,17.0,5.41,352.0
169,14,1,81.0,178.0,26.0,5.71,270.0
170,13,1,45.0,155.0,19.0,4.49,250.0
171,13,0,41.0,155.0,17.0,4.71,249.0
172,12,1,39.0,158.0,16.0,5.56,355.0
173,13,0,31.0,146.0,15.0,4.88,292.0
174,13,0,54.0,164.0,20.0,5.0,243.0
175,13,1,53.0,165.0,19.0,5.97,440.0
176,13,1,36.0,151.0,16.0,5.26,307.0
177,12,1,32.0,150.0,16.0,5.26,298.0
178,12,0,34.0,144.0,16.0,4.88,267.0
179,12,0,51.0,151.0,22.0,4.6,172.0
180,12,0,42.0,150.0,19.0,4.82,216.0
181,12,1,35.0,150.0,16.0,5.41,329.0
182,12,1,35.0,149.0,16.0,5.63,320.0
183,12,1,28.0,135.0,15.0,5.48,357.0
184,12,0,54.0,158.0,22.0,4.71,200.0
185,12,1,40.0,156.0,16.0,5.06,283.0
186,12,1,49.0,155.0,20.0,4.82,322.0
187,12,1,37.0,145.0,18.0,5.13,330.0
188,12,0,40.0,148.0,18.0,5.06,260.0
189,12,1,34.0,150.0,15.0,5.62,314.0
190,13,0,41.0,153.0,18.0,4.82,230.0
191,12,1,47.0,155.0,20.0,5.06,334.0
192,12,0,36.0,150.0,16.0,5.26,198.0
193,12,1,33.0,150.0,15.0,5.63,347.0
194,12,0,37.0,156.0,15.0,4.82,210.0
195,12,1,35.0,140.0,18.0,6.25,384.0
196,13,0,52.0,163.0,20.0,4.88,237.0
197,12,1,37.0,145.0,18.0,5.41,318.0
198,16,1,38.0,155.0,16.0,5.33,327.0
199,15,1,50.0,165.0,18.0,5.56,364.0
200,15,1,35.0,154.0,15.0,5.06,330.0
201,15,1,58.0,165.0,21.0,5.56,337.0
202,14,0,80.0,155.0,33.0,4.35,170.0
203,14,1,30.0,145.0,14.0,5.48,353.0
204,14,0,49.0,155.0,20.0,4.6,206.0
205,14,1,38.0,155.0,16.0,4.72,340.0
206,14,1,40.0,150.0,18.0,5.0,305.0
207,13,1,48.0,157.0,19.0,5.71,370.0
208,16,1,66.0,165.0,24.0,5.56,343.0
209,15,1,39.0,160.0,15.0,4.76,287.0
210,14,1,39.0,150.0,17.0,4.76,337.0
211,17,1,63.0,183.0,19.0,6.35,519.0
212,16,1,49.0,170.0,17.0,5.41,368.0
213,14,1,53.0,164.0,20.0,5.63,410.0
214,18,0,62.0,160.0,24.0,4.88,315.0
215,16,1,64.0,171.0,22.0,6.56,476.0
216,19,1,65.0,180.0,20.0,6.35,500.0
217,16,1,46.0,163.0,17.0,7.14,450.0
218,17,0,47.0,154.0,20.0,4.82,256.0
219,16,0,55.0,163.0,21.0,5.06,240.0
220,16,0,46.0,150.0,20.0,4.82,280.0
221,15,0,52.0,158.0,21.0,5.19,222.0
222,15,0,63.0,163.0,24.0,5.06,315.0
223,15,0,54.0,170.0,19.0,5.26,250.0
224,16,0,46.0,155.0,19.0,4.88,306.0
225,15,1,48.0,176.0,15.0,5.71,354.0
226,15,1,64.0,171.0,22.0,6.25,350.0
227,15,1,55.0,173.0,18.0,6.25,440.0
228,15,0,51.0,160.0,20.0,4.4,230.0
229,15,0,64.0,170.0,22.0,5.26,300.0
230,14,0,48.0,165.0,18.0,4.82,220.0
231,15,1,45.0,162.0,17.0,6.06,484.0
232,14,1,49.0,163.0,18.0,5.26,351.0
233,14,1,48.0,170.0,17.0,5.26,380.0
234,14,1,40.0,153.0,17.0,4.94,310.0
235,14,1,50.0,165.0,18.0,5.21,345.0
236,14,0,53.0,165.0,19.0,5.26,241.0
237,14,0,55.0,164.0,20.0,5.19,280.0
238,14,0,46.0,156.0,19.0,4.44,238.0
239,14,0,65.0,165.0,24.0,5.0,280.0
240,14,1,40.0,160.0,16.0,5.41,330.0
241,14,0,51.0,160.0,20.0,5.41,350.0
242,14,0,55.0,160.0,21.0,5.19,292.0
243,14,0,57.0,163.0,21.0,4.71,250.0
244,14,0,50.0,171.0,17.0,4.44,240.0
245,14,1,67.0,172.0,23.0,5.63,360.0
246,15,0,48.0,160.0,19.0,4.6,261.0
247,18,1,50.0,170.0,17.0,6.15,464.0
248,16,0,45.0,160.0,18.0,4.85,280.0
249,16,1,54.0,167.0,19.0,6.92,453.0
250,17,0,45.0,157.0,18.0,4.55,192.0
251,15,0,45.0,160.0,18.0,5.56,320.0
252,17,1,68.0,180.0,21.0,7.46,540.0
253,17,0,52.0,162.0,20.0,5.22,271.0
254,16,0,57.0,157.0,23.0,5.42,262.0
255,15,1,49.0,175.0,16.0,6.49,405.0
256,15,1,55.0,175.0,18.0,7.04,450.0
257,16,1,47.0,160.0,18.0,6.25,390.0
258,15,0,56.0,161.0,22.0,4.81,260.0
259,15,1,59.0,170.0,20.0,6.41,340.0
260,15,1,53.0,175.0,17.0,6.58,460.0
261,15,1,40.0,155.0,17.0,5.49,342.0
262,15,1,51.0,160.0,20.0,5.95,320.0
263,15,0,39.0,157.0,16.0,4.76,260.0
264,15,1,50.0,160.0,20.0,6.02,341.0
265,14,0,50.0,162.0,19.0,5.15,263.0
266,16,0,58.0,166.0,21.0,4.67,277.0
267,14,1,47.0,164.0,17.0,6.17,390.0
268,14,1,44.0,157.0,18.0,5.62,390.0
269,14,1,37.0,155.0,15.0,6.33,440.0
270,14,0,44.0,156.0,18.0,4.46,185.0
271,14,1,51.0,160.0,20.0,5.75,420.0
272,14,1,59.0,167.0,21.0,6.49,450.0
273,18,0,51.0,164.0,19.0,4.9,270.0
274,15,0,42.0,151.0,18.0,5.68,307.0
275,14,0,46.0,160.0,18.0,5.75,330.0
276,16,1,50.0,175.0,16.0,5.88,380.0
277,16,1,63.0,179.0,20.0,5.97,422.0
278,14,0,49.0,153.0,21.0,4.71,195.0
279,14,1,80.0,165.0,29.0,4.26,281.0
280,14,1,32.0,150.0,14.0,5.48,260.0
281,17,1,78.0,175.0,25.0,5.71,375.0
282,17,1,67.0,180.0,21.0,6.45,526.0
283,18,0,52.0,170.0,18.0,6.06,380.0
284,17,1,54.0,167.0,19.0,6.67,500.0
285,18,1,69.0,178.0,22.0,5.97,460.0
286,17,1,57.0,170.0,20.0,6.25,390.0
287,15,0,62.0,160.0,24.0,4.65,174.0
288,16,0,43.0,160.0,17.0,4.9,205.0
289,15,0,49.0,155.0,20.0,4.71,344.0
290,15,1,48.0,156.0,20.0,5.48,370.0
291,15,1,52.0,160.0,20.0,5.97,370.0
292,15,0,63.0,160.0,25.0,4.71,215.0
293,15,1,55.0,170.0,19.0,5.97,352.0
294,17,1,49.0,175.0,16.0,5.48,355.0
295,17,1,55.0,172.0,19.0,6.58,490.0
296,15,1,50.0,172.0,17.0,6.15,445.0
297,14,1,46.0,160.0,18.0,5.71,388.0
298,14,0,53.0,167.0,19.0,5.48,368.0
299,14,1,43.0,163.0,16.0,5.41,364.0
300,15,0,36.0,145.0,17.0,4.59,211.0
301,14,0,78.0,158.0,31.0,5.19,214.0
302,14,0,42.0,155.0,17.0,4.94,270.0
303,14,0,54.0,160.0,21.0,4.82,177.0
304,14,0,48.0,171.0,16.0,4.44,260.0
305,14,0,55.0,160.0,21.0,5.0,225.0
306,14,0,60.0,152.0,26.0,5.06,204.0
307,14,0,47.0,157.0,19.0,5.63,274.0
308,14,0,45.0,162.0,17.0,5.13,295.0
309,18,1,73.0,177.0,23.0,6.15,493.0
310,14,0,58.5,155.0,24.0,5.33,270.0
311,16,1,68.0,173.0,23.0,6.76,450.0
312,17,1,55.0,165.0,20.0,5.48,380.0
313,16,1,57.0,177.0,18.0,6.35,484.0
314,17,1,76.0,184.0,22.0,6.45,474.0
315,16,0,60.0,160.0,23.0,5.0,292.0
316,16,0,68.0,154.0,29.0,4.76,190.0
317,16,1,50.0,160.0,20.0,5.56,322.0
318,16,1,60.0,176.0,19.0,5.33,440.0
319,16,1,50.0,168.0,18.0,5.13,410.0
320,17,0,55.0,164.0,20.0,3.94,212.0
321,15,1,50.0,169.0,18.0,5.26,480.0
322,15,0,66.0,164.0,25.0,4.1,160.0
323,15,0,51.0,153.0,22.0,5.0,208.0
324,15,1,67.0,180.0,21.0,5.06,480.0
325,16,0,52.0,160.0,20.0,4.76,305.0
326,15,1,59.0,175.0,19.0,5.88,440.0
327,15,1,61.0,165.0,22.0,5.26,300.0
328,15,0,46.0,159.0,18.0,3.67,226.0
329,15,1,35.0,160.0,14.0,5.26,320.0
330,15,1,56.0,180.0,17.0,6.67,413.0
331,15,0,52.0,161.0,20.0,5.06,246.0
332,15,1,49.0,160.0,19.0,5.56,370.0
333,15,0,72.0,173.0,24.0,4.95,226.0
334,14,1,44.0,161.0,17.0,5.06,254.0
335,15,0,69.0,160.0,27.0,4.76,220.0
336,15,0,59.5,158.0,24.0,4.27,162.0
337,14,0,47.0,157.0,19.0,5.13,287.0
338,14,1,37.0,152.0,16.0,5.41,330.0
339,14,1,38.0,160.0,15.0,5.41,385.0
340,14,1,57.0,180.0,18.0,5.8,440.0
341,14,1,54.0,173.0,18.0,5.26,344.0
342,15,1,37.0,155.0,15.0,5.8,333.0
343,14,1,56.0,175.0,18.0,5.56,348.0
344,15,0,52.0,157.0,21.0,5.19,203.0
345,13,1,34.0,146.0,16.0,5.68,330.0
346,14,0,48.0,153.0,21.0,5.38,264.0
347,13,1,54.0,169.0,19.0,5.43,250.0
348,13,1,44.0,153.0,19.0,5.21,281.0
349,13,1,40.0,154.0,17.0,5.81,330.0
350,13,0,37.0,155.0,15.0,5.05,213.0
351,12,1,42.0,140.0,21.0,4.72,222.0
352,13,1,26.0,145.0,12.0,5.62,308.0
353,12,1,50.0,162.0,19.0,5.75,282.0
354,13,1,41.0,157.0,17.0,6.25,332.0
355,12,0,33.0,146.0,15.0,4.95,180.0
356,12,1,38.0,150.0,17.0,5.43,300.0
357,13,1,42.0,155.0,17.0,5.05,207.0
358,13,1,31.0,145.0,15.0,5.62,245.0
359,12,1,35.0,146.0,16.0,5.95,262.0
360,12,0,43.0,155.0,18.0,5.1,196.0
361,12,0,41.0,150.0,18.0,5.15,206.0
362,12,1,30.0,143.0,15.0,5.88,254.0
363,12,1,39.0,157.0,16.0,5.95,375.0
364,13,0,39.0,156.0,16.0,5.43,344.0
365,14,1,38.0,155.0,16.0,6.1,296.0
366,16,1,51.0,163.0,19.0,5.26,311.0
367,15,1,66.0,170.0,23.0,6.33,330.0
368,15,1,43.0,162.0,16.0,6.02,350.0
369,14,0,50.0,160.0,20.0,5.38,280.0
370,15,1,73.0,169.0,26.0,5.21,300.0
371,12,1,30.0,138.0,16.0,6.17,321.0
372,13,1,50.0,155.0,21.0,5.1,350.0
373,14,0,58.0,162.0,22.0,5.21,221.0
374,15,1,96.0,186.0,28.0,6.49,393.0
375,13,0,45.0,156.0,18.0,5.19,246.0
376,13,0,63.0,164.0,23.0,5.13,310.0
377,12,1,31.0,145.0,15.0,4.49,292.0
378,13,1,37.0,152.0,16.0,5.97,360.0
379,13,1,35.0,154.0,15.0,5.63,404.0
380,12,1,36.0,153.0,15.0,5.41,300.0
381,12,0,34.0,149.0,15.0,4.76,215.0
382,12,1,42.0,160.0,16.0,5.8,386.0
383,12,1,64.0,170.0,22.0,5.13,330.0
384,12,0,46.0,164.0,17.0,5.8,330.0
385,13,0,32.0,145.0,15.0,4.94,230.0
386,12,1,40.0,153.0,17.0,5.13,230.0
387,13,1,33.0,154.0,14.0,5.0,260.0
388,13,1,51.0,166.0,19.0,5.0,346.0
389,16,1,56.0,186.0,16.0,5.8,420.0
390,17,1,50.0,176.0,16.0,5.63,370.0
391,15,1,50.0,171.0,17.0,6.06,420.0
392,14,1,59.0,169.0,21.0,6.25,340.0
393,14,1,60.0,170.0,21.0,5.41,305.0
394,14,1,52.0,170.0,18.0,6.15,408.0
395,14,1,38.0,161.0,15.0,5.19,360.0
396,15,0,50.0,153.0,21.0,5.06,222.0
397,14,0,55.0,164.0,20.0,4.35,232.0
398,14,1,33.0,144.0,16.0,5.48,335.0
399,15,0,56.0,154.0,24.0,3.92,220.0
400,12,1,35.0,140.0,18.0,4.76,322.0
401,12,0,60.0,165.0,22.0,4.71,270.0
402,13,1,40.0,156.0,16.0,5.19,354.0
403,12,0,37.0,151.0,16.0,5.26,240.0
404,12,0,37.0,150.0,16.0,4.35,170.0
405,13,1,35.0,158.0,14.0,5.06,284.0
406,12,0,53.0,169.0,19.0,4.35,260.0
407,13,0,47.0,164.0,17.0,5.05,293.0
408,13,1,49.0,160.0,19.0,5.88,252.0
409,14,0,45.0,158.0,18.0,6.1,313.0
410,13,1,35.0,159.0,14.0,5.81,280.0
411,14,0,54.0,160.0,21.0,4.95,160.0
412,13,1,63.0,173.0,21.0,5.95,320.0
413,13,1,46.0,169.0,16.0,5.32,340.0
414,13,0,47.0,159.0,19.0,4.76,175.0
415,13,0,40.0,154.0,17.0,5.43,260.0
416,12,0,67.0,156.0,28.0,5.1,190.0
417,13,1,35.0,150.0,16.0,5.62,330.0
418,12,0,31.0,137.0,17.0,5.15,170.0
419,12,1,35.0,142.0,17.0,5.81,344.0
420,12,0,32.0,152.0,14.0,4.39,160.0
421,12,1,36.0,156.0,15.0,5.49,322.0
422,12,1,43.0,156.0,18.0,5.63,346.0
423,12,1,30.0,146.0,14.0,5.75,267.0
424,12,0,37.0,150.0,16.0,5.95,323.0
425,13,1,36.0,151.0,16.0,4.76,240.0
426,12,1,42.0,163.0,16.0,4.85,250.0
427,12,0,43.0,151.0,19.0,4.76,250.0
428,12,1,51.0,160.0,20.0,4.95,283.0
429,12,1,38.0,159.0,15.0,5.75,345.0
430,15,1,43.0,167.0,15.0,5.48,330.0
431,15,1,56.0,176.0,18.0,5.81,410.0
432,15,1,53.0,179.0,17.0,6.94,413.0
433,15,1,59.0,166.0,21.0,7.58,350.0
434,15,1,52.0,175.0,17.0,6.58,473.0
435,14,0,39.0,154.0,16.0,5.68,237.0
436,14,1,52.0,175.0,17.0,6.1,370.0
437,13,1,74.0,169.0,26.0,4.46,230.0
438,14,0,39.0,155.0,16.0,4.72,280.0
439,13,0,64.0,153.0,27.0,4.46,180.0
440,14,0,47.0,157.0,19.0,5.21,170.0
441,14,1,39.0,135.0,21.0,4.76,298.0
442,13,1,49.0,170.0,17.0,4.88,380.0
443,13,1,40.0,155.0,17.0,5.56,300.0
444,13,0,46.0,160.0,18.0,5.06,200.0
445,13,0,52.0,160.0,20.0,5.48,250.0
446,13,1,41.0,155.0,17.0,4.88,365.0
447,12,0,39.0,145.0,19.0,5.26,180.0
448,12,0,31.0,145.0,15.0,5.13,280.0
449,12,1,50.0,153.0,21.0,4.94,250.0
450,13,1,34.0,145.0,16.0,5.97,260.0
451,12,0,39.0,145.0,19.0,6.25,180.0
452,12,1,56.0,170.0,19.0,5.71,265.0
453,12,0,50.0,161.0,19.0,4.6,180.0
454,12,1,57.0,175.0,19.0,5.19,280.0
455,12,0,39.0,145.0,19.0,4.76,285.0
456,12,0,47.0,150.0,21.0,4.55,260.0
457,15,1,65.0,168.0,23.0,4.4,200.0
458,15,1,53.0,175.0,17.0,6.15,440.0
459,15,1,58.0,181.0,18.0,6.45,525.0
460,14,1,49.0,175.0,16.0,5.48,310.0
461,15,0,65.0,160.0,25.0,4.88,200.0
462,14,1,50.0,160.0,20.0,5.71,340.0
463,14,0,56.0,161.0,22.0,4.65,255.0
464,14,1,35.0,146.0,16.0,5.19,260.0
465,14,1,59.0,175.0,19.0,5.26,325.0
466,14,1,50.0,170.0,17.0,5.63,368.0
467,14,0,56.0,160.0,22.0,4.17,170.0
468,14,0,48.0,160.0,19.0,5.13,260.0
469,12,0,35.0,153.0,15.0,6.25,190.0
470,12,1,35.0,150.0,16.0,5.56,315.0
471,13,1,41.0,160.0,16.0,5.26,380.0
472,12,0,39.0,155.0,16.0,5.26,215.0
473,13,1,56.0,170.0,19.0,6.41,318.0
474,13,1,36.0,155.0,15.0,5.88,350.0
475,13,1,29.0,140.0,15.0,5.81,290.0
476,13,1,39.0,160.0,15.0,5.21,246.0
477,13,1,54.0,165.0,20.0,4.85,270.0
478,13,1,33.0,155.0,14.0,5.56,330.0
479,13,1,37.0,147.0,17.0,5.43,307.0
480,13,1,38.0,145.0,18.0,6.02,345.0
481,12,1,39.0,154.0,16.0,5.26,306.0
482,12,0,45.0,155.0,19.0,5.26,280.0
483,12,0,55.0,151.0,24.0,4.76,220.0
484,13,0,53.0,165.0,19.0,5.81,270.0
485,12,0,41.0,155.0,17.0,5.0,205.0
486,12,0,52.0,151.0,23.0,5.81,350.0
487,13,0,42.0,160.0,16.0,5.62,260.0
488,12,1,32.0,152.0,14.0,5.26,313.0
489,12,0,41.0,154.0,17.0,5.81,285.0
490,12,0,32.0,148.0,15.0,5.75,200.0
491,12,1,33.0,150.0,15.0,5.43,205.0
492,13,1,39.0,161.0,15.0,6.17,347.0
493,13,1,43.0,156.0,18.0,5.68,320.0
494,13,1,47.0,162.0,18.0,5.75,340.0
495,12,1,32.0,162.0,12.0,6.17,320.0
496,12,1,37.0,155.0,15.0,5.32,314.0
497,15,1,55.0,170.0,19.0,7.04,346.0
498,17,0,49.0,159.0,19.0,6.02,160.0
499,15,1,39.0,150.0,17.0,5.75,327.0
500,16,0,62.0,174.0,20.0,5.81,252.0
501,15,1,55.0,170.0,19.0,6.49,285.0
502,16,0,44.0,154.0,19.0,5.68,233.0
503,14,1,50.0,168.0,18.0,6.67,460.0
504,14,1,61.0,175.0,20.0,5.81,322.0
505,15,0,52.0,166.0,19.0,5.68,240.0
506,14,1,46.0,165.0,17.0,5.95,288.0
507,14,1,72.0,168.0,26.0,6.1,267.0
508,14,1,46.0,164.0,17.0,6.33,390.0
509,13,1,33.0,145.0,16.0,4.9,263.0
510,13,1,41.0,161.0,16.0,6.02,287.0
511,13,0,53.0,168.0,19.0,4.46,204.0
512,13,0,70.0,160.0,27.0,4.17,205.0
513,13,1,38.0,157.0,15.0,5.43,320.0
514,13,1,39.0,150.0,17.0,5.21,243.0
515,12,0,53.0,160.0,21.0,4.85,190.0
516,13,1,60.0,153.0,26.0,4.39,270.0
517,12,0,39.0,156.0,16.0,5.26,253.0
518,12,1,48.0,155.0,20.0,5.75,240.0
519,13,0,41.0,160.0,16.0,5.05,260.0
520,12,1,33.0,142.0,16.0,5.88,290.0
521,12,1,52.0,162.0,20.0,6.33,265.0
522,12,0,44.0,169.0,15.0,6.1,310.0
523,13,1,40.0,156.0,16.0,4.78,216.0
524,12,0,33.0,151.0,14.0,4.59,180.0
525,12,0,38.0,144.0,18.0,5.95,350.0
526,12,1,35.0,150.0,16.0,4.9,246.0
527,13,0,47.0,161.0,18.0,5.95,262.0
528,12,0,43.0,151.0,19.0,6.1,306.0
529,14,1,37.0,148.0,17.0,5.88,315.0
530,14,1,48.0,165.0,18.0,8.06,500.0
531,16,0,52.0,164.0,19.0,5.21,284.0
532,15,1,56.0,161.0,22.0,5.62,260.0
533,15,1,78.0,169.0,27.0,5.1,237.0
534,15,1,50.0,168.0,18.0,6.58,470.0
535,14,1,60.0,158.0,24.0,4.9,243.0
536,15,1,55.0,170.0,19.0,6.58,370.0
537,14,1,38.0,152.0,16.0,6.17,300.0
538,14,1,60.0,171.0,21.0,6.1,322.0
539,14,0,58.0,163.0,22.0,5.49,292.0
540,14,1,41.0,161.0,16.0,5.43,323.0
541,14,0,60.0,162.0,23.0,5.68,260.0
542,16,1,46.0,158.0,18.0,5.68,350.0
543,14,1,45.0,162.0,17.0,5.62,266.0
544,13,0,48.0,155.0,20.0,4.95,204.0
545,13,0,66.0,166.0,24.0,5.32,162.0
546,13,1,52.0,168.0,18.0,6.58,387.0
547,13,0,38.0,154.0,16.0,6.85,235.0
548,14,0,53.0,153.0,23.0,4.2,210.0
549,13,0,44.0,154.0,19.0,4.63,185.0
550,13,1,38.0,156.0,16.0,6.41,380.0
551,13,0,53.0,169.0,19.0,4.2,238.0
552,13,1,34.0,143.0,17.0,5.1,250.0
553,13,1,54.0,168.0,19.0,6.1,340.0
554,14,0,45.0,158.0,18.0,5.1,320.0
555,13,1,38.0,158.0,15.0,5.88,340.0
556,13,0,50.0,165.0,18.0,5.43,265.0
557,13,1,38.0,155.0,16.0,5.32,255.0
558,15,0,55.0,160.0,21.0,4.76,160.0
559,13,1,51.0,170.0,18.0,6.17,323.0
560,13,1,56.0,160.0,22.0,5.75,310.0
561,13,0,42.0,150.0,19.0,5.38,225.0
562,13,0,45.0,160.0,18.0,5.49,320.0
563,13,0,44.0,150.0,20.0,4.95,180.0
564,13,0,48.0,153.0,21.0,4.55,230.0
565,13,0,49.0,163.0,18.0,5.49,224.0
566,13,0,43.0,155.0,18.0,5.38,290.0
567,13,1,63.0,162.0,24.0,5.32,295.0
568,13,0,46.0,155.0,19.0,5.81,235.0
569,13,0,63.0,159.0,25.0,5.21,268.0
570,13,1,48.0,162.0,18.0,6.1,280.0
571,13,0,60.0,176.0,19.0,5.81,270.0
572,13,0,49.0,162.0,19.0,6.1,290.0
573,13,0,38.0,155.0,16.0,5.95,270.0
574,13,1,41.0,160.0,16.0,5.75,365.0
575,13,1,49.0,165.0,18.0,6.85,405.0
576,13,0,58.0,163.0,22.0,5.43,185.0
577,13,0,46.0,163.0,17.0,5.1,256.0
578,13,0,41.0,148.0,19.0,4.9,258.0
579,15,0,54.0,154.0,23.0,4.85,225.0
580,13,1,52.0,174.0,17.0,6.49,410.0
581,16,1,52.0,184.0,15.0,6.41,465.0
582,14,0,52.0,166.0,19.0,5.43,210.0
583,14,1,61.0,171.0,21.0,5.75,312.0
584,14,0,45.0,166.0,16.0,4.95,170.0
585,13,1,37.0,155.0,15.0,5.95,347.0
586,13,0,48.0,174.0,16.0,4.94,185.0
587,14,1,49.0,172.0,17.0,6.49,348.0
588,13,1,34.0,154.0,14.0,5.49,252.0
589,13,0,53.0,164.0,20.0,6.12,270.0
590,13,1,43.0,168.0,15.0,5.97,340.0
591,13,0,45.0,155.0,19.0,5.03,230.0
592,13,0,39.0,159.0,15.0,5.27,290.0
593,13,0,39.0,159.0,15.0,6.17,360.0
594,13,0,31.0,151.0,14.0,5.02,210.0
595,13,0,46.0,153.0,20.0,5.35,260.0
596,13,0,44.0,151.0,19.0,4.81,250.0
597,13,0,67.0,170.0,23.0,4.9,263.0
598,14,0,53.0,163.0,20.0,5.46,270.0
599,13,0,79.0,165.0,29.0,5.43,260.0
600,13,1,50.0,165.0,18.0,6.0,380.0
601,13,1,42.0,165.0,15.0,5.84,330.0
602,13,0,44.0,160.0,17.0,5.43,195.0
603,14,1,51.0,165.0,19.0,6.28,420.0
604,13,0,44.0,159.0,17.0,5.9,340.0
605,13,0,39.0,150.0,17.0,4.59,250.0
606,13,1,55.0,162.0,21.0,6.33,370.0
607,13,0,32.0,147.0,15.0,5.15,170.0
608,13,0,53.0,165.0,19.0,5.26,230.0
609,13,0,35.0,153.0,15.0,5.75,330.0
610,13,0,60.0,164.0,22.0,4.89,240.0
611,13,1,40.0,156.0,16.0,5.81,300.0
612,13,0,36.0,147.0,17.0,5.26,300.0
613,14,1,54.0,175.0,18.0,6.17,320.0
614,14,0,63.0,175.0,21.0,4.17,320.0
615,13,1,39.0,155.0,16.0,5.85,360.0
616,14,0,49.0,163.0,18.0,5.05,300.0
617,14,0,50.0,158.0,20.0,4.76,215.0
618,14,0,44.0,165.0,16.0,4.39,195.0
619,14,0,42.0,165.0,15.0,4.5,230.0
620,14,0,54.0,155.0,22.0,5.66,260.0
621,13,1,78.0,160.0,30.0,4.86,200.0
622,14,1,50.0,163.0,19.0,6.79,420.0
623,13,1,52.0,161.0,20.0,5.36,200.0
624,13,1,46.0,155.0,19.0,5.75,360.0
625,14,0,36.0,150.0,16.0,5.21,245.0
626,13,0,39.0,145.0,19.0,5.43,250.0
627,13,1,47.0,165.0,17.0,5.88,230.0
628,13,0,52.0,158.0,21.0,5.56,180.0
629,13,0,37.0,155.0,15.0,4.95,185.0
630,13,1,36.0,149.0,16.0,6.1,310.0
631,13,0,58.0,163.0,22.0,5.43,300.0
632,14,1,35.0,145.0,17.0,5.81,300.0
633,13,1,35.0,150.0,16.0,6.17,348.0
634,13,0,44.0,159.0,17.0,5.62,261.0
635,13,0,55.0,160.0,21.0,5.62,277.0
636,13,1,31.0,141.0,16.0,4.81,280.0
637,13,0,44.0,156.0,18.0,5.15,270.0
638,13,1,40.0,158.0,16.0,6.02,305.0
639,14,0,42.0,170.0,15.0,5.43,250.0
640,13,1,40.0,155.0,17.0,6.1,310.0
641,17,1,57.0,165.0,21.0,5.75,306.0
642,18,1,51.0,165.0,19.0,6.58,400.0
643,18,0,48.0,171.0,16.0,5.38,232.0
644,16,1,47.0,165.0,17.0,6.17,300.0
645,18,1,59.0,185.0,17.0,6.94,450.0
646,15,1,46.0,170.0,16.0,5.49,300.0
647,15,1,47.0,165.0,17.0,6.67,400.0
648,15,1,51.0,168.0,18.0,6.1,340.0
649,15,0,47.0,162.0,18.0,5.21,234.0
650,15,1,43.0,158.0,17.0,6.17,382.0
651,15,1,48.0,174.0,16.0,6.33,364.0
652,14,1,49.0,164.0,18.0,6.94,400.0
653,14,1,53.0,160.0,21.0,5.62,280.0
654,14,1,39.0,165.0,14.0,6.1,360.0
655,14,0,52.0,172.0,18.0,4.59,280.0
656,14,0,59.0,165.0,22.0,5.56,300.0
657,14,1,42.0,161.0,16.0,6.1,367.0
658,15,0,59.0,164.0,22.0,5.88,328.0
659,17,0,79.0,175.0,26.0,5.56,310.0
660,13,0,57.0,160.0,22.0,5.62,217.0
661,13,0,66.0,175.0,22.0,5.15,175.0
662,13,0,48.0,155.0,20.0,5.32,207.0
663,13,0,50.0,164.0,19.0,5.38,225.0
664,13,1,40.0,148.0,18.0,6.49,350.0
665,13,0,42.0,155.0,17.0,4.81,285.0
666,13,1,31.0,142.0,15.0,5.43,310.0
667,13,1,39.0,140.0,20.0,4.95,320.0
668,13,1,57.0,160.0,22.0,5.05,306.0
669,13,1,49.0,165.0,18.0,6.33,352.0
670,13,1,39.0,150.0,17.0,5.21,286.0
671,13,0,51.0,155.0,21.0,5.32,195.0
672,13,1,43.0,155.0,18.0,6.41,395.0
673,13,1,45.0,155.0,19.0,4.85,270.0
674,13,1,46.0,160.0,18.0,6.17,290.0
675,13,1,54.0,161.0,21.0,5.62,290.0
676,18,1,66.0,174.0,22.0,7.25,460.0
677,17,1,72.0,180.0,22.0,6.85,262.0
678,16,0,54.0,160.0,21.0,5.49,244.0
679,15,0,56.0,165.0,21.0,5.15,213.0
680,15,1,67.0,190.0,19.0,7.04,500.0
681,15,0,49.0,160.0,19.0,5.0,200.0
682,15,1,41.0,145.0,20.0,6.1,340.0
683,15,1,63.0,174.0,21.0,5.75,345.0
684,14,0,54.0,170.0,19.0,5.15,214.0
685,14,1,62.0,184.0,18.0,6.58,403.0
686,14,0,53.0,160.0,21.0,4.9,170.0
687,14,1,48.0,155.0,20.0,6.1,348.0
688,14,1,44.0,153.0,19.0,5.88,336.0
689,14,0,43.0,160.0,17.0,5.1,180.0
690,14,1,43.0,162.0,16.0,6.67,425.0
691,15,1,55.0,176.0,18.0,7.25,400.0
692,14,1,46.0,159.0,18.0,6.02,394.0
693,15,0,46.0,155.0,19.0,5.1,221.0
694,14,0,42.0,164.0,16.0,4.81,249.0
695,13,0,48.0,170.0,17.0,5.49,300.0
696,13,1,54.0,168.0,19.0,5.95,319.0
697,13,1,45.0,155.0,19.0,5.21,320.0
698,13,1,39.0,155.0,16.0,4.95,345.0
699,13,0,62.0,170.0,21.0,5.95,362.0
700,13,1,51.0,170.0,18.0,5.95,443.0
701,13,1,38.0,155.0,16.0,5.62,288.0
702,13,0,40.0,158.0,16.0,5.05,235.0
703,13,0,46.0,163.0,17.0,4.46,230.0
704,14,0,52.0,161.0,20.0,4.95,346.0
705,13,0,54.0,158.0,22.0,4.9,289.0
706,13,0,45.0,157.0,18.0,5.1,265.0
707,13,0,42.0,158.0,17.0,4.85,319.0
708,17,1,64.0,168.0,23.0,6.76,360.0
709,15,1,38.0,160.0,15.0,5.68,370.0
710,16,1,49.0,167.0,18.0,6.02,400.0
711,14,1,57.0,167.0,20.0,5.32,294.0
712,15,1,57.0,170.0,20.0,6.02,389.0
713,15,1,44.0,160.0,17.0,6.33,415.0
714,14,0,50.0,165.0,18.0,5.49,330.0
715,14,1,63.0,166.0,23.0,5.49,349.0
716,14,0,68.0,165.0,25.0,4.95,229.0
717,14,0,52.0,159.0,21.0,6.17,369.0
718,14,1,52.0,165.0,19.0,6.33,431.0
719,14,1,55.0,147.0,25.0,5.0,340.0
720,15,1,42.0,159.0,17.0,5.43,371.0
721,15,1,46.0,165.0,17.0,6.76,370.0
722,13,1,33.0,151.0,14.0,5.38,370.0
723,13,0,59.0,157.0,24.0,5.15,245.0
724,13,0,48.0,155.0,20.0,4.76,210.0
725,13,1,48.0,168.0,17.0,5.81,330.0
726,13,0,35.0,147.0,16.0,4.39,225.0
727,13,0,48.0,158.0,19.0,5.0,260.0
728,13,0,66.0,161.0,25.0,3.65,187.0
729,13,1,45.0,173.0,15.0,5.32,280.0
730,13,1,47.0,160.0,18.0,5.88,335.0
731,13,0,52.0,160.0,20.0,5.1,265.0
732,13,1,39.0,153.0,17.0,6.1,387.0
733,13,1,47.0,162.0,18.0,5.38,303.0
734,13,0,45.0,146.0,21.0,4.0,200.0
735,13,1,37.0,154.0,16.0,5.0,250.0
736,15,1,49.0,169.0,17.0,5.88,380.0
737,16,1,48.0,172.0,16.0,6.58,393.0
738,16,1,76.0,181.0,23.0,6.35,460.0
739,16,1,53.0,172.0,18.0,6.94,450.0
740,15,1,51.0,174.0,17.0,6.25,343.0
741,15,0,80.0,160.0,31.0,3.88,168.0
742,15,1,57.0,163.0,21.0,6.85,417.0
743,15,1,53.0,172.0,18.0,5.05,364.0
744,15,0,43.0,155.0,18.0,5.15,227.0
745,14,0,52.0,160.0,20.0,5.26,236.0
746,14,1,37.0,145.0,18.0,4.72,268.0
747,14,1,37.0,150.0,16.0,5.56,318.0
748,14,1,40.0,155.0,17.0,5.43,358.0
749,14,1,43.0,165.0,16.0,5.56,280.0
750,14,0,49.0,157.0,20.0,5.49,198.0
751,13,1,43.0,166.0,16.0,5.56,340.0
752,16,1,60.0,180.0,19.0,5.43,330.0
753,15,0,52.0,157.0,21.0,5.05,214.0
754,17,1,59.0,180.0,18.0,5.8,433.0
755,13,1,37.0,153.0,16.0,5.43,308.0
756,13,0,59.0,165.0,22.0,5.38,300.0
757,13,1,40.0,157.0,16.0,5.05,360.0
758,13,0,47.0,167.0,17.0,4.76,205.0
759,13,1,39.0,155.0,16.0,5.49,345.0
760,13,0,53.0,155.0,22.0,5.26,205.0
761,14,1,38.0,155.0,16.0,4.55,267.0
762,13,0,43.0,148.0,20.0,4.81,202.0
763,13,0,32.0,155.0,13.0,4.59,202.0
764,13,1,50.0,160.0,20.0,5.38,400.0
765,13,0,40.0,163.0,15.0,5.0,320.0
766,15,1,43.0,155.0,18.0,5.26,308.0
767,14,1,42.0,154.0,18.0,5.05,340.0
768,14,0,42.0,156.0,17.0,4.9,244.0
769,14,0,44.0,151.0,19.0,4.9,188.0
770,14,1,44.0,156.0,18.0,4.76,360.0
771,14,0,57.0,150.0,25.0,5.15,235.0
772,14,0,56.0,152.0,24.0,4.17,215.0
773,14,0,47.0,160.0,18.0,4.85,192.0
774,14,1,34.0,150.0,15.0,5.26,325.0
775,15,1,39.0,154.0,16.0,4.9,320.0
776,14,0,49.0,155.0,20.0,5.43,292.0
777,14,1,39.0,160.0,15.0,5.05,373.0
778,16,1,64.0,180.0,20.0,4.9,393.0
779,16,0,53.0,164.0,20.0,4.72,170.0
780,14,1,63.0,175.0,21.0,7.14,480.0
781,13,0,53.0,163.0,20.0,5.1,190.0
782,13,1,44.0,160.0,17.0,5.75,320.0
783,13,1,43.0,162.0,16.0,5.81,350.0
784,13,1,54.0,165.0,20.0,6.02,260.0
785,13,0,54.0,163.0,20.0,5.05,230.0
786,13,1,49.0,165.0,18.0,4.81,190.0
787,13,0,46.0,155.0,19.0,4.55,170.0
788,13,1,43.0,163.0,16.0,5.38,350.0
789,13,0,51.0,170.0,18.0,5.21,330.0
790,13,0,49.0,150.0,22.0,5.43,170.0
791,14,0,55.0,163.0,21.0,4.81,260.0
792,13,1,42.0,157.0,17.0,6.76,390.0
793,13,1,45.0,155.0,19.0,6.1,250.0
794,13,1,70.0,165.0,26.0,4.67,180.0
795,13,1,52.0,164.0,19.0,5.88,390.0
796,13,0,50.0,160.0,20.0,5.75,280.0
797,15,0,54.0,155.0,22.0,4.72,250.0
798,15,1,72.0,171.0,25.0,6.17,440.0
799,16,1,52.0,175.0,17.0,5.43,420.0
800,15,1,57.0,170.0,20.0,6.41,400.0
801,15,1,60.0,166.0,22.0,5.43,250.0
802,16,1,60.0,174.0,20.0,6.17,390.0
803,15,1,59.0,181.0,18.0,6.67,460.0
804,14,0,45.0,151.0,20.0,5.56,230.0
805,15,0,61.0,163.0,23.0,5.15,250.0
806,14,1,46.0,146.0,22.0,6.49,400.0
807,14,0,50.0,170.0,17.0,5.15,225.0
808,14,1,68.0,175.0,22.0,5.32,330.0
809,14,1,66.0,181.0,20.0,5.95,330.0
810,14,1,66.0,160.0,26.0,4.17,230.0
811,14,1,64.0,175.0,21.0,5.95,310.0
812,14,0,67.0,165.0,25.0,5.26,210.0
813,14,0,50.0,150.0,22.0,5.15,250.0
814,14,0,55.0,165.0,20.0,5.0,300.0
815,14,1,32.0,145.0,15.0,5.21,350.0
816,14,0,46.0,155.0,19.0,5.21,230.0
817,14,0,58.0,169.0,20.0,4.85,190.0
818,14,1,53.0,166.0,19.0,6.25,430.0
819,14,0,41.0,160.0,16.0,5.43,230.0
820,15,1,52.0,172.0,18.0,6.02,400.0
821,15,0,60.0,166.0,22.0,4.35,200.0
822,14,1,53.0,160.0,21.0,5.81,340.0
823,14,1,40.0,155.0,17.0,5.75,330.0
824,14,1,37.0,168.0,13.0,5.81,400.0
825,14,0,75.0,167.0,27.0,4.67,212.0
826,14,0,61.0,155.0,25.0,5.0,200.0
827,14,1,45.0,160.0,18.0,5.75,430.0
828,14,0,45.0,162.0,17.0,4.88,280.0
829,14,0,42.0,163.0,16.0,5.15,207.0
830,14,0,47.0,160.0,18.0,5.26,260.0
831,14,1,50.0,160.0,20.0,5.75,347.0
832,14,0,56.0,153.0,24.0,3.94,187.0
833,14,1,40.0,164.0,15.0,5.1,340.0
834,14,0,65.0,173.0,22.0,4.81,254.0
835,14,0,45.0,162.0,17.0,5.1,216.0
836,14,0,40.0,158.0,16.0,5.15,210.0
837,15,1,70.0,190.0,19.0,6.58,470.0
838,14,1,53.0,152.0,23.0,5.68,360.0
839,14,0,48.0,155.0,20.0,5.68,280.0
840,14,0,46.0,165.0,17.0,5.81,350.0
841,14,1,54.0,176.0,17.0,6.25,340.0
842,14,0,74.0,162.0,28.0,5.56,250.0
843,14,1,50.0,160.0,20.0,5.81,270.0
844,15,0,65.0,168.0,23.0,5.68,310.0
845,15,1,46.0,160.0,18.0,5.81,420.0
846,14,0,73.0,175.0,24.0,5.0,196.0
847,14,0,57.0,164.0,21.0,6.02,330.0
848,14,0,54.0,146.0,25.0,5.21,270.0
849,15,0,47.0,155.0,20.0,4.85,260.0
850,14,0,45.0,155.0,19.0,5.0,220.0
851,14,0,54.0,150.0,24.0,5.05,320.0
852,15,0,50.0,162.0,19.0,4.17,170.0
853,14,1,66.0,180.0,20.0,5.88,380.0
854,14,1,58.0,175.0,19.0,6.94,520.0
855,15,1,80.0,175.0,26.0,6.1,360.0
856,14,0,42.0,160.0,16.0,5.26,270.0
857,14,0,50.0,160.0,20.0,5.26,360.0
858,14,0,58.0,157.0,24.0,4.76,190.0
859,14,1,42.0,163.0,16.0,5.26,344.0
860,14,0,45.0,150.0,20.0,4.67,180.0
861,14,1,48.0,165.0,18.0,6.49,480.0
862,14,1,50.0,167.0,18.0,5.68,420.0
863,14,0,42.0,160.0,16.0,5.05,270.0
864,14,0,58.0,160.0,23.0,5.05,250.0
865,14,0,55.0,160.0,21.0,5.62,270.0
866,14,0,42.0,155.0,17.0,5.15,280.0
867,14,0,51.0,165.0,19.0,4.85,268.0
868,14,0,66.0,165.0,24.0,5.26,250.0
869,14,0,45.0,150.0,20.0,5.43,250.0
870,15,1,59.0,180.0,18.0,5.88,280.0
871,14,0,53.0,160.0,21.0,5.05,236.0
872,15,1,52.0,170.0,18.0,6.58,480.0
873,15,1,53.0,167.0,19.0,5.75,426.0
874,14,1,47.0,165.0,17.0,6.25,450.0
875,14,0,58.0,161.0,22.0,4.85,190.0
876,14,1,55.0,165.0,20.0,6.33,380.0
877,14,1,40.0,157.0,16.0,4.76,360.0
878,16,1,49.0,160.0,19.0,6.02,390.0
879,14,0,54.0,163.0,20.0,5.32,300.0
880,15,1,45.0,164.0,17.0,6.02,440.0
881,14,1,43.0,165.0,16.0,5.68,460.0
882,15,0,53.0,160.0,21.0,4.67,220.0
883,15,0,51.0,160.0,20.0,4.59,330.0
884,16,1,91.0,183.0,27.0,6.17,380.0
885,14,0,45.0,159.0,18.0,5.1,290.0
886,14,0,41.0,150.0,18.0,4.5,220.0
887,14,1,54.0,173.0,18.0,5.88,420.0
888,14,0,40.0,150.0,18.0,4.67,200.0
889,14,1,50.0,175.0,16.0,6.58,520.0
890,14,0,52.0,156.0,21.0,5.15,280.0
891,15,1,53.0,165.0,19.0,5.81,420.0
892,14,0,60.0,166.0,22.0,4.85,260.0
893,15,0,58.0,165.0,21.0,5.38,210.0
894,14,1,41.0,160.0,16.0,5.68,410.0
895,14,1,42.0,170.0,15.0,5.21,335.0
896,14,1,43.0,163.0,16.0,5.81,400.0
897,14,0,46.0,163.0,17.0,4.42,250.0
898,14,0,53.0,165.0,19.0,5.15,370.0
899,14,0,65.0,165.0,24.0,4.72,170.0
900,15,0,52.0,170.0,18.0,5.32,175.0
901,14,1,34.0,150.0,15.0,4.46,285.0
902,16,0,47.0,153.0,20.0,4.81,240.0
903,16,0,46.0,165.0,17.0,4.39,230.0
904,17,1,56.0,165.0,21.0,6.76,460.0
905,16,1,62.0,175.0,20.0,6.25,430.0
906,17,0,52.0,163.0,20.0,5.32,210.0
907,16,0,51.0,160.0,20.0,3.85,200.0
908,18,1,51.0,172.0,17.0,6.58,456.0
909,18,1,54.0,182.0,16.0,7.04,490.0
910,16,0,44.0,177.0,14.0,4.59,206.0
911,17,1,61.0,185.0,18.0,6.41,501.0
912,17,1,49.0,175.0,16.0,6.58,502.0
913,17,1,57.0,173.0,19.0,6.41,480.0
914,15,0,42.0,155.0,17.0,5.21,215.0
915,16,0,49.0,165.0,18.0,4.81,250.0
916,15,1,42.0,165.0,15.0,6.02,352.0
917,16,0,55.0,163.0,21.0,4.67,208.0
918,16,0,56.0,158.0,22.0,4.72,220.0
919,15,1,65.0,169.0,23.0,5.81,316.0
920,15,1,52.0,170.0,18.0,6.02,347.0
921,16,0,67.0,166.0,24.0,4.67,210.0
922,15,1,40.0,160.0,16.0,5.81,322.0
923,14,1,52.0,164.0,19.0,5.75,373.0
924,14,1,40.0,165.0,15.0,5.62,290.0
925,14,0,72.0,165.0,26.0,4.76,229.0
926,14,1,42.0,160.0,16.0,5.56,257.0
927,14,1,53.0,170.0,18.0,6.17,390.0
928,14,0,44.0,165.0,16.0,5.75,238.0
929,14,0,49.0,157.0,20.0,4.35,243.0
930,14,1,35.0,145.0,17.0,5.05,350.0
931,14,0,55.0,165.0,20.0,5.26,270.0
932,14,0,59.0,158.0,24.0,4.55,195.0
933,14,0,63.0,167.0,23.0,4.55,206.0
934,14,0,72.0,170.0,25.0,4.24,206.0
935,14,0,47.0,160.0,18.0,4.76,259.0
936,14,0,37.0,154.0,16.0,5.0,225.0
937,15,1,54.0,175.0,18.0,5.15,385.0
938,15,0,48.0,160.0,19.0,5.21,215.0
939,17,1,61.0,180.0,19.0,6.58,480.0
940,16,1,59.0,190.0,16.0,6.67,440.0
941,16,1,68.0,185.0,20.0,6.49,425.0
942,16,0,52.0,160.0,20.0,5.05,215.0
943,14,1,49.0,160.0,19.0,5.43,300.0
944,17,1,60.0,175.0,20.0,6.33,430.0
945,16,1,55.0,168.0,19.0,5.32,315.0
946,16,1,66.0,177.0,21.0,6.58,320.0
947,16,1,60.0,170.0,21.0,6.49,390.0
948,18,1,61.0,182.0,18.0,7.25,500.0
949,16,1,53.0,175.0,17.0,6.58,475.0
950,17,1,50.0,175.0,16.0,5.68,446.0
951,17,0,44.0,158.0,18.0,5.32,345.0
952,15,0,56.0,175.0,18.0,5.15,335.0
953,16,0,56.0,165.0,21.0,4.9,280.0
954,15,0,65.0,160.0,25.0,5.21,295.0
955,15,1,46.0,160.0,18.0,6.76,400.0
956,15,1,41.0,160.0,16.0,5.95,360.0
957,16,0,47.0,160.0,18.0,5.43,250.0
958,16,0,62.0,158.0,25.0,4.67,210.0
959,15,1,61.0,179.0,19.0,6.1,340.0
960,15,0,48.0,160.0,19.0,5.21,171.0
961,15,0,74.0,174.0,24.0,5.49,255.0
962,15,0,66.0,160.0,26.0,4.42,200.0
963,14,1,53.0,175.0,17.0,6.49,470.0
964,15,0,49.0,161.0,19.0,5.1,240.0
965,14,1,61.0,160.0,24.0,5.0,241.0
966,14,0,38.0,150.0,17.0,4.85,170.0
967,14,1,41.0,160.0,16.0,5.75,350.0
968,14,0,53.0,158.0,21.0,4.85,240.0
969,14,1,70.0,165.0,26.0,5.1,311.0
970,17,1,59.0,180.0,18.0,6.85,465.0
971,15,1,58.0,170.0,20.0,6.33,380.0
972,15,0,47.0,150.0,21.0,5.38,255.0
973,15,0,58.0,160.0,23.0,5.15,270.0
974,14,1,54.0,175.0,18.0,6.41,430.0
975,16,0,55.0,166.0,20.0,4.76,220.0
976,15,0,54.0,158.0,22.0,5.26,330.0
977,17,0,56.0,162.0,21.0,5.38,280.0
978,16,0,75.0,170.0,26.0,4.95,220.0
979,15,0,57.0,155.0,24.0,5.26,280.0
980,17,1,52.0,175.0,17.0,6.49,460.0
981,16,1,64.0,168.0,23.0,6.41,340.0
982,16,0,48.0,162.0,18.0,5.62,270.0
983,18,0,63.0,172.0,21.0,4.85,190.0
984,17,1,75.0,175.0,24.0,6.85,410.0
985,16,1,67.0,170.0,23.0,6.67,390.0
986,18,0,50.0,155.0,21.0,6.02,300.0
987,16,0,63.0,158.0,25.0,5.26,290.0
988,15,0,51.0,165.0,19.0,5.43,330.0
989,15,0,49.0,170.0,17.0,4.39,190.0
990,16,1,59.0,175.0,19.0,6.02,360.0
991,16,0,51.0,160.0,20.0,4.95,250.0
992,15,0,51.0,168.0,18.0,5.1,260.0
993,15,1,53.0,176.0,17.0,6.33,280.0
994,16,1,54.0,168.0,19.0,6.85,410.0
995,16,1,64.0,180.0,20.0,6.33,340.0
996,16,1,69.0,170.0,24.0,6.1,440.0
997,15,0,53.0,160.0,21.0,4.63,210.0
998,15,0,50.0,165.0,18.0,5.32,220.0
999,15,0,58.0,165.0,21.0,5.81,220.0
1000,16,0,68.0,155.0,28.0,4.31,190.0
1001,15,0,41.0,155.0,17.0,4.85,180.0
1002,14,0,39.0,150.0,17.0,5.32,220.0
1003,14,0,56.0,165.0,21.0,4.76,210.0
1004,19,0,48.0,162.0,18.0,4.85,260.0
1005,14,0,44.0,162.0,17.0,4.72,180.0
1006,14,1,46.0,160.0,18.0,6.41,370.0
1007,14,1,61.0,181.0,19.0,7.04,440.0
1008,14,0,44.0,155.0,18.0,4.85,340.0
1009,14,1,44.0,155.0,18.0,6.02,350.0
1010,14,1,48.0,157.0,19.0,6.49,390.0
1011,15,0,49.0,155.0,20.0,4.9,170.0
1012,15,1,43.0,155.0,18.0,6.41,400.0
1013,12,0,59.0,156.0,24.0,4.85,190.0
1014,17,0,47.0,157.0,19.0,5.43,260.0
1015,16,1,67.0,180.0,21.0,6.92,460.0
1016,16,0,71.0,160.0,28.0,4.81,175.0
1017,16,1,50.5,180.0,16.0,6.67,480.0
1018,16,1,52.0,172.0,18.0,5.88,450.0
1019,14,0,56.0,156.0,23.0,5.2,313.0
1020,16,0,40.0,154.0,17.0,5.2,307.0
1021,13,1,46.0,157.0,19.0,5.7,303.0
1022,14,0,58.0,162.0,22.0,4.3,221.0
1023,13,1,31.0,145.0,15.0,5.1,297.0
1024,18,1,53.0,166.0,19.0,6.3,375.0
1025,17,1,51.0,167.0,18.0,6.0,374.0
1026,15,1,51.0,165.0,19.0,6.3,405.0
1027,17,0,51.0,164.0,19.0,5.6,345.0
1028,15,1,51.0,175.0,17.0,6.4,404.0
1029,15,0,57.0,158.0,23.0,5.3,263.0
1030,16,1,52.0,177.0,17.0,6.7,460.0
1031,15,1,54.0,175.0,18.0,5.4,350.0
1032,15,1,45.0,165.0,17.0,6.1,409.0
1033,14,0,40.0,157.0,16.0,4.8,272.0
1034,16,1,44.0,173.0,15.0,5.4,352.0
1035,14,0,45.0,157.0,18.0,4.7,276.0
1036,13,1,39.0,150.0,17.0,6.0,391.0
1037,13,1,33.0,155.0,14.0,5.7,320.0
1038,13,0,44.0,156.0,18.0,5.6,280.0
1039,13,0,48.0,158.0,19.0,5.1,288.0
1040,13,0,47.0,158.0,19.0,5.7,292.0
1041,13,1,37.0,146.0,17.0,5.4,331.0
1042,14,0,45.0,157.0,18.0,5.2,276.0
1043,13,0,46.0,158.0,18.0,6.3,367.0
1044,14,1,47.0,155.0,19.0,5.4,362.0
1045,16,1,58.0,167.0,21.0,6.1,410.0
1046,16,1,58.0,164.0,22.0,6.0,397.0
1047,16,1,45.0,161.0,17.0,5.6,390.0
1048,15,1,38.0,156.0,16.0,5.6,371.0
1049,14,0,36.0,157.0,15.0,5.1,270.0
1050,15,0,48.0,165.0,18.0,4.8,258.0
1051,14,0,50.0,162.0,19.0,5.4,215.0
1052,14,1,43.0,160.0,17.0,6.2,362.0
1053,14,0,47.0,169.0,16.0,5.4,246.0
1054,15,0,54.0,165.0,20.0,5.1,207.0
1055,14,1,35.0,152.0,15.0,4.9,305.0
1056,14,1,37.0,153.0,16.0,5.8,333.0
1057,14,1,42.0,150.0,19.0,5.4,345.0
1058,14,0,53.0,162.0,20.0,4.8,271.0
1059,14,1,44.0,156.0,18.0,5.4,350.0
1060,13,0,43.0,165.0,16.0,5.4,224.0
1061,13,0,37.0,154.0,16.0,5.0,296.0
1062,13,1,43.0,160.0,17.0,5.4,374.0
1063,15,0,59.0,166.0,21.0,4.8,273.0
1064,13,0,45.0,168.0,16.0,5.5,306.0
1065,13,0,41.0,160.0,16.0,5.5,199.0
1066,13,0,42.0,168.0,15.0,5.0,248.0
1067,13,1,40.0,158.0,16.0,5.6,342.0
1068,14,1,38.0,159.0,15.0,6.0,410.0
1069,14,0,58.0,154.0,24.0,4.8,230.0
1070,15,0,57.0,170.0,20.0,4.3,182.0
1071,15,1,54.0,163.0,20.0,5.9,334.0
1072,14,1,53.0,167.0,19.0,5.1,293.0
1073,14,1,52.0,160.0,20.0,5.7,279.0
1074,15,0,35.0,158.0,14.0,5.2,288.0
1075,14,1,47.0,159.0,19.0,5.4,287.0
1076,14,1,66.0,166.0,24.0,5.5,345.0
1077,15,0,59.0,163.0,22.0,4.8,245.0
1078,14,1,40.0,156.0,16.0,5.9,320.0
1079,14,0,69.0,171.0,24.0,5.1,280.0
1080,14,0,58.0,158.0,23.0,5.2,235.0
1081,13,0,46.0,166.0,17.0,4.6,203.0
1082,13,1,40.0,155.0,17.0,5.3,314.0
1083,13,0,45.0,165.0,17.0,5.2,304.0
1084,13,0,42.0,155.0,18.0,5.0,241.0
1085,13,0,38.0,157.0,15.0,4.6,195.0
1086,13,1,49.0,162.0,18.0,5.4,285.0
1087,13,0,40.0,156.0,16.0,5.3,283.0
1088,13,0,34.0,153.0,15.0,5.1,293.0
1089,13,1,40.0,158.0,16.0,6.0,387.0
1090,13,0,35.0,149.0,16.0,4.8,317.0
1091,14,1,56.0,157.0,23.0,5.4,346.0
1092,13,0,50.0,167.0,18.0,4.8,204.0
1093,13,1,55.0,177.0,18.0,5.6,300.0
1094,15,0,49.0,165.0,18.0,5.1,242.0
1095,16,1,79.0,177.0,25.0,5.9,343.0
1096,16,0,48.0,158.0,19.0,4.5,196.0
1097,16,1,49.0,170.0,17.0,5.0,420.0
1098,15,1,72.0,177.0,23.0,6.5,479.0
1099,17,1,58.0,182.0,18.0,6.9,500.0
1100,17,1,45.0,159.0,18.0,5.3,353.0
1101,15,1,64.0,178.0,20.0,4.9,309.0
1102,15,0,57.0,166.0,21.0,5.0,227.0
1103,15,1,45.0,167.0,16.0,6.2,368.0
1104,14,1,44.0,160.0,17.0,5.9,365.0
1105,14,1,41.0,155.0,17.0,6.2,347.0
1106,15,0,55.0,161.0,21.0,4.3,224.0
1107,15,0,63.0,162.0,24.0,4.7,172.0
1108,15,1,53.0,171.0,18.0,6.4,400.0
1109,14,1,66.0,175.0,22.0,5.8,373.0
1110,14,0,50.0,163.0,19.0,5.4,256.0
1111,14,0,47.0,167.0,17.0,4.8,197.0
1112,14,0,37.0,152.0,16.0,5.0,220.0
1113,14,0,52.0,150.0,23.0,4.8,185.0
1114,13,0,38.0,155.0,16.0,5.7,312.0
1115,13,1,49.0,170.0,17.0,5.4,400.0
1116,13,1,43.0,159.0,17.0,5.1,351.0
1117,13,0,76.0,161.0,29.0,5.4,222.0
1118,18,0,46.0,164.0,17.0,5.0,301.0
1119,13,0,56.0,156.0,23.0,4.7,198.0
1120,13,1,60.0,161.0,23.0,5.3,282.0
1121,13,0,47.0,164.0,17.0,5.0,265.0
1122,13,0,51.0,164.0,19.0,4.7,210.0
1123,14,0,48.0,156.0,20.0,4.8,192.0
1124,15,1,58.0,180.0,18.0,6.3,380.0
1125,15,1,53.0,175.0,17.0,6.3,364.0
1126,14,0,72.0,168.0,26.0,4.3,168.0
1127,14,0,39.0,147.0,18.0,5.2,197.0
1128,14,0,52.0,163.0,20.0,5.4,301.0
1129,14,1,56.0,181.0,17.0,6.9,444.0
1130,15,1,52.0,169.0,18.0,5.4,449.0
1131,14,0,64.0,183.0,19.0,5.6,283.0
1132,15,1,62.0,178.0,20.0,6.5,360.0
1133,14,1,59.0,164.0,22.0,5.4,395.0
1134,14,0,58.0,168.0,21.0,6.0,290.0
1135,15,1,42.0,162.0,16.0,5.6,325.0
1136,14,0,48.0,168.0,17.0,5.3,282.0
1137,14,1,49.0,157.0,20.0,4.8,360.0
1138,15,0,58.0,161.0,22.0,4.8,243.0
1139,14,0,45.0,159.0,18.0,5.4,243.0
1140,14,0,90.0,180.0,28.0,6.4,258.0
1141,15,1,77.0,172.0,26.0,4.7,316.0
1142,14,0,57.0,162.0,22.0,4.7,250.0
1143,14,0,49.0,169.0,17.0,5.8,320.0
1144,14,1,41.0,161.0,16.0,5.8,370.0
1145,15,0,47.0,151.0,21.0,5.2,220.0
1146,14,0,46.0,161.0,18.0,4.5,216.0
1147,15,0,43.0,160.0,17.0,5.1,230.0
1148,15,0,62.0,158.0,25.0,4.8,210.0
1149,14,0,49.0,170.0,17.0,5.4,280.0
1150,14,0,42.0,157.0,17.0,5.3,235.0
1151,14,0,57.0,165.0,21.0,5.1,196.0
1152,14,0,44.0,156.0,18.0,5.1,278.0
1153,14,1,47.0,171.0,16.0,6.5,467.0
1154,15,0,47.0,170.0,16.0,5.3,306.0
1155,15,1,54.0,166.0,20.0,7.1,376.0
1156,14,0,43.0,171.0,15.0,5.3,263.0
1157,14,0,47.0,156.0,19.0,5.8,303.0
1158,15,1,61.0,180.0,19.0,6.3,405.0
1159,15,1,46.0,168.0,16.0,5.8,340.0
1160,16,0,46.0,164.0,17.0,5.1,284.0
1161,15,1,53.0,171.0,18.0,5.9,350.0
1162,14,0,44.0,159.0,18.0,5.1,242.0
1163,14,1,49.0,176.0,16.0,6.3,434.0
1164,15,0,65.0,173.0,22.0,5.8,368.0
1165,14,1,38.0,155.0,16.0,5.9,352.0
1166,14,1,62.0,169.0,22.0,5.8,386.0
1167,14,0,59.0,163.0,22.0,4.8,205.0
1168,14,0,51.0,158.0,20.0,5.1,240.0
1169,14,0,52.0,164.0,19.0,6.0,366.0
1170,14,1,64.0,179.0,20.0,5.8,341.0
1171,14,1,49.0,170.0,17.0,4.8,365.0
1172,15,0,50.0,165.0,18.0,4.3,270.0
1173,14,0,50.0,155.0,21.0,4.3,180.0
1174,17,0,71.0,162.0,27.0,5.9,345.0
1175,14,0,42.0,150.0,19.0,5.1,210.0
1176,15,0,62.0,164.0,23.0,5.7,363.0
1177,15,0,60.0,167.0,22.0,5.1,205.0
1178,14,1,49.0,173.0,16.0,6.9,467.0
1179,14,0,50.0,164.0,19.0,5.1,203.0
1180,15,1,61.0,178.0,19.0,6.9,458.0
1181,16,1,45.0,171.0,15.0,5.7,350.0
1182,16,1,47.0,168.0,17.0,5.7,364.0
1183,15,0,52.0,163.0,20.0,4.3,190.0
1184,15,0,43.0,150.0,19.0,5.0,276.0
1185,15,1,60.0,178.0,19.0,5.5,383.0
1186,16,1,60.0,178.0,19.0,6.8,440.0
1187,16,1,50.0,164.0,19.0,7.0,445.0
1188,15,0,47.0,165.0,17.0,5.3,320.0
1189,18,1,56.0,168.0,20.0,5.7,370.0
1190,17,1,40.0,151.0,18.0,5.7,375.0
1191,15,0,57.0,172.0,19.0,5.4,315.0
1192,16,1,75.0,181.0,23.0,6.4,453.0
1193,16,0,52.0,155.0,22.0,4.9,295.0
1194,15,0,43.0,177.0,14.0,5.3,305.0
1195,16,0,72.0,165.0,26.0,6.3,335.0
1196,19,0,54.0,163.0,20.0,6.3,343.0
1197,15,0,62.0,161.0,24.0,5.1,236.0
1198,16,0,45.0,166.0,16.0,5.3,327.0
1199,16,1,44.0,160.0,17.0,5.8,390.0
1200,17,1,55.0,170.0,19.0,6.4,415.0
1201,14,1,49.0,167.0,18.0,5.9,357.0
1202,14,1,45.0,165.0,17.0,5.9,368.0
1203,15,1,45.0,171.0,15.0,5.8,366.0
1204,14,0,63.0,165.0,23.0,5.4,276.0
1205,14,0,67.0,162.0,26.0,4.6,218.0
1206,14,0,53.0,163.0,20.0,5.0,230.0
1207,14,0,44.0,159.0,17.0,5.4,253.0
1208,14,0,64.0,155.0,27.0,5.1,230.0
1209,16,0,47.0,160.0,18.0,5.7,279.0
1210,16,1,59.0,170.0,20.0,6.7,500.0
1211,17,1,44.0,164.0,17.0,6.5,458.0
1212,15,0,69.0,168.0,24.0,5.4,274.0
1213,15,0,54.0,161.0,21.0,4.3,267.0
1214,17,1,49.0,165.0,18.0,6.1,402.0
1215,15,0,59.0,165.0,22.0,5.1,257.0
1216,16,1,60.0,177.0,19.0,6.1,448.0
1217,15,0,58.0,170.0,20.0,5.3,270.0
1218,16,0,50.0,161.0,19.0,5.7,330.0
1219,16,1,54.0,171.0,18.0,5.9,438.0
1220,16,0,54.0,164.0,20.0,4.9,235.0
1221,15,1,58.0,174.0,19.0,5.8,433.0
1222,17,1,61.0,173.0,21.0,6.4,460.0
1223,15,0,51.0,168.0,18.0,4.9,240.0
1224,14,0,48.0,168.0,17.0,4.3,270.0
1225,14,0,43.0,162.0,16.0,5.2,342.0
1226,15,1,47.0,170.0,16.0,6.4,495.0
1227,16,0,49.0,161.0,19.0,4.1,235.0
1228,17,1,54.0,174.0,18.0,7.2,480.0
1229,17,1,53.0,172.0,18.0,6.2,405.0
1230,16,1,59.0,175.0,19.0,6.3,410.0
1231,15,1,60.0,180.0,19.0,7.2,507.0
1232,16,1,61.0,175.0,20.0,6.0,415.0
1233,15,1,49.0,162.0,19.0,6.8,410.0
1234,16,0,56.0,152.0,24.0,5.2,237.0
1235,16,1,34.0,152.0,15.0,6.0,376.0
1236,15,0,45.0,154.0,19.0,4.6,270.0
1237,15,0,45.0,164.0,17.0,4.9,252.0
1238,17,0,56.0,172.0,19.0,4.4,198.0
1239,16,0,50.0,161.0,19.0,5.0,296.0
1240,16,1,58.0,181.0,18.0,6.4,431.0
1241,16,0,61.0,159.0,24.0,5.3,258.0
1242,16,1,57.0,181.0,17.0,6.5,415.0
1243,15,1,55.0,172.0,19.0,6.1,392.0
1244,18,1,48.0,170.0,17.0,6.4,400.0
1245,18,0,49.0,153.0,21.0,4.6,262.0
1246,17,1,72.0,177.0,23.0,6.8,450.0
1247,16,0,51.0,164.0,19.0,4.2,231.0
1248,14,0,47.0,160.0,18.0,5.9,339.0
1249,15,1,40.0,151.0,18.0,5.5,392.0
1250,15,1,41.0,157.0,17.0,6.2,369.0
1251,14,1,43.0,155.0,18.0,6.0,331.0
1252,15,1,65.0,180.0,20.0,5.9,345.0
1253,14,1,44.0,150.0,20.0,5.6,377.0
1254,12,0,46.0,162.0,18.0,5.5,322.0
1255,13,1,46.0,164.0,17.0,5.7,329.0
1256,12,1,39.0,138.0,20.0,5.7,274.0
1257,12,0,36.0,156.0,15.0,4.4,207.0
1258,12,1,33.0,148.0,15.0,5.8,300.0
1259,12,1,44.0,154.0,19.0,6.2,356.0
1260,13,0,57.0,167.0,20.0,5.3,306.0
1261,13,0,38.0,155.0,16.0,5.5,261.0
1262,12,0,41.0,152.0,18.0,4.9,289.0
1263,13,1,37.0,158.0,15.0,5.5,354.0
1264,13,1,44.0,161.0,17.0,5.7,350.0
1265,12,1,77.0,163.0,29.0,4.5,222.0
1266,12,0,38.0,146.0,18.0,4.6,222.0
1267,12,0,41.0,156.0,17.0,5.1,254.0
1268,12,0,42.0,155.0,17.0,4.4,294.0
1269,12,0,29.0,140.0,15.0,4.7,232.0
1270,12,0,44.0,163.0,17.0,5.3,191.0
1271,13,0,50.0,166.0,18.0,5.2,228.0
1272,13,0,30.0,147.0,14.0,5.6,309.0
1273,12,0,56.0,163.0,21.0,4.8,212.0
1274,12,1,59.0,154.0,25.0,4.5,270.0
1275,12,1,38.0,146.0,18.0,5.5,231.0
1276,12,0,30.0,144.0,14.0,5.4,231.0
1277,12,0,43.0,151.0,19.0,5.7,202.0
1278,12,0,56.0,156.0,23.0,4.7,238.0
1279,12,0,34.0,152.0,15.0,6.0,180.0
1280,13,0,61.0,175.0,20.0,5.1,271.0
1281,12,1,35.0,155.0,15.0,5.5,253.0
1282,14,1,61.0,166.0,22.0,4.4,322.0
1283,13,1,52.0,170.0,18.0,5.3,338.0
1284,12,0,43.0,171.0,15.0,4.8,234.0
1285,12,1,33.4,144.0,16.0,4.5,177.0
1286,12,1,51.0,152.0,22.0,4.7,260.0
1287,13,1,49.0,177.0,16.0,5.7,380.0
1288,13,0,49.0,153.0,21.0,5.0,240.0
1289,12,1,38.0,154.0,16.0,6.0,366.0
1290,12,0,41.0,150.0,18.0,5.2,206.0
1291,12,0,55.0,160.0,21.0,5.2,215.0
1292,12,1,50.0,163.0,19.0,5.8,316.0
1293,12,1,31.0,149.0,14.0,4.3,252.0
1294,13,1,36.0,161.0,14.0,5.9,318.0
1295,13,1,50.0,151.0,22.0,4.8,268.0
1296,12,0,35.0,155.0,15.0,5.7,320.0
1297,12,0,54.0,168.0,19.0,4.4,242.0
1298,12,0,28.0,147.0,13.0,5.2,213.0
1299,12,0,40.0,151.0,18.0,5.3,203.0
1300,12,0,36.0,146.0,17.0,5.1,267.0
1301,12,0,55.0,168.0,19.0,5.4,326.0
1302,13,0,54.0,166.0,20.0,5.1,252.0
1303,12,0,73.0,163.0,27.0,5.2,280.0
1304,12,1,63.0,163.0,24.0,4.9,267.0
1305,12,1,50.0,158.0,20.0,5.3,329.0
1306,12,0,48.0,162.0,18.0,5.4,290.0
1307,12,0,47.0,157.0,19.0,5.5,262.0
1308,13,1,45.0,157.0,18.0,6.2,393.0
1309,12,0,42.0,148.0,19.0,4.8,200.0
1310,12,1,48.0,159.0,19.0,5.8,334.0
1311,12,0,50.0,152.0,22.0,5.6,310.0
1312,12,0,62.0,177.0,20.0,5.4,279.0
1313,12,0,55.0,161.0,21.0,4.5,215.0
1314,12,0,43.0,159.0,17.0,5.2,280.0
1315,13,1,50.0,166.0,18.0,6.7,266.0
1316,13,0,47.0,161.0,18.0,5.2,267.0
1317,13,0,50.0,157.0,20.0,4.9,240.0
1318,13,0,50.0,162.0,19.0,5.4,200.0
1319,13,0,34.0,145.0,16.0,5.7,283.0
1320,13,0,40.0,159.0,16.0,4.7,177.0
1321,13,0,39.0,159.0,15.0,5.0,178.0
1322,12,0,52.0,161.0,20.0,4.4,172.0
1323,12,0,45.0,152.0,19.0,5.4,260.0
1324,13,0,41.0,159.0,16.0,5.2,190.0
1325,18,0,53.0,154.0,22.0,4.9,280.0
1326,12,1,35.0,153.0,15.0,5.5,256.0
1327,13,0,40.0,161.0,15.0,5.2,214.0
1328,12,1,45.0,165.0,17.0,6.0,350.0
1329,13,0,53.0,162.0,20.0,5.1,200.0
1330,12,0,37.0,150.0,17.0,4.8,260.0
1331,12,1,53.0,164.0,20.0,4.3,175.0
1332,12,1,44.0,151.0,19.0,5.5,300.0
1333,13,1,46.0,162.0,18.0,5.5,307.0
1334,15,1,94.0,190.0,26.0,4.8,239.0
1335,15,1,45.0,156.0,18.0,6.3,385.0
1336,15,1,40.0,155.0,17.0,5.7,317.0
1337,15,1,47.0,160.0,18.0,6.4,359.0
1338,15,1,48.0,171.0,17.0,6.3,402.0
1339,14,1,36.0,151.0,16.0,5.5,314.0
1340,14,1,45.0,172.0,15.0,6.1,314.0
1341,15,1,59.0,170.0,20.0,6.2,389.0
1342,14,1,64.0,154.0,27.0,5.3,173.0
1343,13,1,34.0,153.0,15.0,5.5,337.0
1344,13,0,41.0,150.0,18.0,5.0,220.0
1345,14,1,41.0,158.0,16.0,6.2,416.0
1346,13,1,53.0,170.0,18.0,6.4,360.0
1347,13,0,51.0,164.0,19.0,4.5,261.0
1348,14,0,53.0,171.0,18.0,5.1,245.0
1349,14,1,36.0,152.0,16.0,5.5,325.0
1350,12,1,36.0,151.0,16.0,5.6,337.0
1351,12,1,36.0,156.0,15.0,5.8,316.0
1352,13,0,39.0,161.0,15.0,5.3,205.0
1353,13,0,38.0,152.0,16.0,5.5,264.0
1354,15,0,37.0,151.0,16.0,5.7,263.0
1355,17,0,44.0,154.0,19.0,5.0,285.0
1356,12,0,44.0,163.0,17.0,5.5,256.0
1357,12,0,50.0,157.0,20.0,6.3,206.0
1358,12,1,33.0,143.0,16.0,5.9,300.0
1359,13,1,31.0,145.0,15.0,5.7,351.0
1360,12,1,40.0,146.0,19.0,5.6,313.0
1361,12,1,35.0,147.0,16.0,5.4,323.0
1362,12,0,34.0,145.0,16.0,4.7,200.0
1363,13,1,32.0,141.0,16.0,5.4,300.0
1364,12,0,35.0,161.0,14.0,5.7,322.0
1365,14,1,45.0,166.0,16.0,6.9,424.0
1366,15,0,50.0,154.0,21.0,5.6,244.0
1367,14,1,35.0,146.0,16.0,5.2,340.0
1368,14,0,39.0,155.0,16.0,5.3,266.0
1369,13,1,52.0,157.0,21.0,4.9,343.0
1370,13,0,48.0,166.0,17.0,6.0,352.0
1371,13,1,35.0,154.0,15.0,5.4,365.0
1372,13,1,40.0,155.0,17.0,5.4,382.0
1373,13,1,48.0,158.0,19.0,5.8,390.0
1374,13,1,47.0,160.0,18.0,6.2,409.0
1375,12,1,49.0,160.0,19.0,5.3,338.0
1376,12,0,53.0,155.0,22.0,4.6,212.0
1377,13,0,39.0,150.0,17.0,4.6,235.0
1378,12,0,45.0,150.0,20.0,4.9,175.0
1379,12,1,42.0,155.0,17.0,4.6,325.0
1380,12,0,42.0,155.0,17.0,4.9,290.0
1381,13,0,45.0,150.0,20.0,4.7,217.0
1382,12,1,38.0,150.0,17.0,5.4,325.0
1383,12,1,48.0,160.0,19.0,5.5,338.0
1384,12,0,44.0,155.0,18.0,4.9,235.0
1385,13,0,38.0,145.0,18.0,4.6,185.0
1386,13,1,34.0,150.0,15.0,5.0,295.0
1387,12,0,42.0,145.0,20.0,4.0,182.0
1388,15,1,47.0,168.0,17.0,5.7,361.0
1389,15,1,53.0,175.0,17.0,6.0,357.0
1390,14,1,59.0,165.0,22.0,6.3,395.0
1391,14,0,47.0,155.0,20.0,4.6,250.0
1392,13,0,54.0,150.0,24.0,5.1,210.0
1393,14,1,40.0,155.0,17.0,4.9,298.0
1394,13,0,62.0,165.0,23.0,4.8,258.0
1395,14,0,42.0,155.0,17.0,5.0,210.0
1396,14,0,50.0,163.0,19.0,5.2,168.0
1397,13,0,54.0,156.0,22.0,4.0,173.0
1398,16,1,63.0,180.0,19.0,5.5,270.0
1399,13,1,45.0,165.0,17.0,5.4,310.0
1400,12,1,41.0,150.0,18.0,4.8,275.0
1401,12,0,55.0,162.0,21.0,5.3,210.0
1402,12,1,54.0,170.0,19.0,4.9,315.0
1403,13,0,53.0,165.0,19.0,4.9,180.0
1404,12,0,28.0,150.0,12.0,4.8,176.0
1405,12,1,36.0,145.0,17.0,5.7,259.0
1406,17,1,51.0,176.0,16.0,6.4,350.0
1407,15,0,38.0,155.0,16.0,4.2,185.0
1408,14,1,44.0,165.0,16.0,6.0,260.0
1409,13,1,56.0,175.0,18.0,6.1,340.0
1410,13,1,32.0,144.0,15.0,5.3,333.0
1411,13,0,43.0,156.0,18.0,5.1,200.0
1412,14,1,38.0,155.0,16.0,5.7,290.0
1413,14,1,41.0,166.0,15.0,5.8,335.0
1414,15,0,51.0,155.0,21.0,4.4,210.0
1415,12,0,41.0,150.0,18.0,5.2,190.0
1416,14,1,38.0,152.0,16.0,5.1,210.0
1417,15,1,41.0,160.0,16.0,4.6,315.0
1418,12,0,33.0,138.0,17.0,5.1,253.0
1419,12,1,32.0,145.0,15.0,5.3,230.0
1420,12,0,52.0,160.0,20.0,5.5,220.0
1421,13,0,46.0,156.0,19.0,4.6,223.0
1422,12,1,36.0,150.0,16.0,5.3,290.0
1423,13,0,34.0,151.0,15.0,4.2,180.0
1424,12,1,47.0,155.0,20.0,5.8,310.0
1425,12,1,35.0,150.0,16.0,5.9,310.0
1426,13,0,56.0,162.0,21.0,4.6,160.0
1427,13,1,58.0,160.0,23.0,4.8,270.0
1428,15,1,60.0,165.0,22.0,5.7,406.0
1429,15,1,58.0,170.0,20.0,6.6,303.0
1430,15,0,43.0,141.0,22.0,5.7,270.0
1431,15,0,52.0,163.0,20.0,4.3,160.0
1432,14,1,55.0,180.0,17.0,4.5,230.0
1433,14,1,62.0,183.0,19.0,4.5,210.0
1434,14,0,59.0,163.0,22.0,5.6,260.0
1435,13,1,44.0,165.0,16.0,5.8,420.0
1436,13,1,42.0,150.0,19.0,4.8,230.0
1437,14,1,68.0,161.0,26.0,4.1,230.0
1438,13,1,35.0,155.0,15.0,4.7,250.0
1439,13,1,47.0,165.0,17.0,5.3,285.0
1440,13,1,33.0,138.0,17.0,5.3,360.0
1441,14,0,57.0,161.0,22.0,5.4,210.0
1442,12,1,39.0,160.0,15.0,5.9,350.0
1443,16,1,54.0,172.0,18.0,6.0,380.0
1444,13,0,40.0,156.0,16.0,5.0,300.0
1445,16,1,56.0,175.0,18.0,6.2,260.0
1446,13,1,38.0,145.0,18.0,4.7,220.0
1447,14,0,49.0,160.0,19.0,5.0,220.0
1448,12,1,37.0,157.0,15.0,4.9,330.0
1449,12,0,61.0,162.0,23.0,5.3,160.0
1450,13,1,48.0,163.0,18.0,5.2,370.0
1451,12,1,36.0,150.0,16.0,5.5,290.0
1452,13,0,64.0,166.0,23.0,5.3,209.0
1453,12,0,43.0,150.0,19.0,4.9,170.0
1454,12,0,44.0,158.0,18.0,5.1,280.0
1455,12,1,36.0,150.0,16.0,5.7,370.0
1456,13,0,45.0,158.0,18.0,5.5,180.0
1457,12,0,36.0,155.0,15.0,4.8,290.0
1458,12,1,34.0,152.0,15.0,5.1,220.0
1459,12,1,42.0,160.0,16.0,5.9,370.0
1460,16,1,50.0,162.0,19.0,5.8,230.0
1461,15,1,66.0,179.0,21.0,6.1,450.0
1462,17,0,42.0,170.0,15.0,4.9,250.0
1463,14,1,49.0,158.0,20.0,4.9,270.0
1464,15,0,60.0,175.0,20.0,5.4,270.0
1465,15,1,40.0,160.0,16.0,5.2,360.0
1466,14,1,50.0,167.0,18.0,6.0,310.0
1467,13,0,42.0,155.0,17.0,4.9,190.0
1468,13,0,49.0,150.0,22.0,5.2,190.0
1469,13,1,53.0,150.0,24.0,4.6,310.0
1470,12,1,38.0,145.0,18.0,5.1,319.0
1471,12,1,46.0,156.0,19.0,4.7,210.0
1472,12,1,38.0,155.0,16.0,5.8,200.0
1473,12,1,47.0,160.0,18.0,5.5,258.0
1474,12,1,42.0,155.0,18.0,5.0,300.0
1475,12,1,32.0,145.0,15.0,5.7,304.0
1476,12,1,45.0,160.0,18.0,5.6,224.0
1477,12,1,38.0,155.0,16.0,5.5,344.0
1478,12,1,30.0,135.0,16.0,4.5,238.0
1479,12,1,36.0,145.0,17.0,5.1,207.0
1480,12,0,51.0,155.0,21.0,4.5,200.0
1481,12,0,47.0,160.0,18.0,5.4,220.0
1482,13,1,37.0,150.0,16.0,5.1,240.0
1483,12,0,42.0,160.0,16.0,4.5,221.0
1484,13,1,46.0,160.0,18.0,6.0,400.0
1485,15,1,51.0,175.0,17.0,5.5,390.0
1486,14,1,46.0,155.0,19.0,4.9,265.0
1487,15,1,50.0,170.0,17.0,5.5,300.0
1488,14,0,52.0,155.0,22.0,5.0,310.0
1489,14,1,43.0,155.0,18.0,5.3,408.0
1490,13,1,44.0,155.0,18.0,6.1,373.0
1491,13,1,50.0,150.0,22.0,4.9,456.0
1492,13,0,41.0,155.0,17.0,4.9,198.0
1493,13,1,36.0,155.0,15.0,5.8,377.0
1494,13,1,43.0,155.0,18.0,5.2,360.0
1495,13,1,45.0,160.0,18.0,4.8,486.0
1496,14,1,47.0,155.0,20.0,6.5,510.0
1497,14,1,59.0,170.0,20.0,5.7,490.0
1498,12,1,34.0,145.0,16.0,4.8,303.0
1499,12,0,50.0,160.0,20.0,5.1,270.0
1500,13,0,42.0,165.0,16.0,5.2,356.0
1501,12,1,33.0,145.0,16.0,4.9,337.0
1502,13,1,32.0,150.0,14.0,5.4,350.0
1503,13,0,41.0,155.0,17.0,4.7,297.0
1504,13,1,34.0,145.0,16.0,5.3,311.0
1505,13,0,43.0,145.0,20.0,5.2,276.0
1506,16,1,53.0,160.0,21.0,4.8,313.0
1507,15,0,53.0,163.0,20.0,5.3,191.0
1508,13,0,47.0,155.0,20.0,4.5,200.0
1509,14,1,33.0,145.0,16.0,4.4,265.0
1510,13,1,52.0,175.0,17.0,5.2,322.0
1511,13,1,38.0,155.0,16.0,5.0,302.0
1512,13,0,51.0,160.0,20.0,4.9,232.0
1513,14,0,50.0,162.0,19.0,4.5,198.0
1514,13,1,39.0,150.0,17.0,5.6,368.0
1515,12,1,42.0,147.0,19.0,5.0,295.0
1516,13,0,40.0,160.0,16.0,4.8,264.0
1517,13,1,50.0,161.0,19.0,5.7,310.0
1518,13,0,58.0,147.0,27.0,5.2,240.0
1519,13,0,39.0,156.0,16.0,5.2,230.0
1520,13,1,51.0,157.0,21.0,4.6,230.0
1521,13,1,47.0,169.0,16.0,5.5,490.0
1522,13,1,37.0,156.0,15.0,5.5,320.0
1523,13,1,35.0,158.0,14.0,5.1,320.0
1524,13,0,71.0,167.0,25.0,4.6,230.0
1525,13,0,58.0,156.0,24.0,5.5,280.0
1526,14,1,50.0,166.0,18.0,6.2,395.0
1527,13,0,58.0,158.0,23.0,4.5,160.0
1528,13,0,44.0,161.0,17.0,5.1,280.0
1529,14,1,46.0,161.0,18.0,5.6,410.0
1530,13,0,50.0,166.0,18.0,5.3,230.0
1531,13,0,39.0,156.0,16.0,5.1,195.0
1532,13,0,43.0,159.0,17.0,4.9,320.0
1533,14,0,52.0,165.0,19.0,5.2,260.0
1534,14,0,48.0,162.0,18.0,4.3,300.0
1535,14,1,52.0,164.0,19.0,5.4,410.0
1536,14,1,56.0,172.0,19.0,6.6,500.0
1537,13,0,53.0,166.0,19.0,5.3,270.0
1538,14,1,80.0,170.0,28.0,5.4,380.0
1539,13,1,40.0,162.0,15.0,5.1,240.0
1540,13,0,45.0,155.0,19.0,5.0,260.0
1541,13,0,38.0,144.0,18.0,3.9,180.0
1542,13,1,38.0,155.0,16.0,4.6,370.0
1543,14,1,64.0,187.0,18.0,5.9,440.0
1544,14,1,46.0,160.0,18.0,5.7,450.0
1545,13,1,48.0,162.0,18.0,5.4,310.0
1546,13,0,42.0,160.0,16.0,4.7,220.0
1547,14,0,52.0,160.0,20.0,5.2,260.0
1548,13,1,31.0,142.0,15.0,4.7,320.0
1549,13,0,41.0,153.0,18.0,5.0,316.0
1550,13,0,45.0,163.0,17.0,5.8,325.0
1551,13,0,45.0,165.0,17.0,5.0,280.0
1552,13,0,58.0,173.0,19.0,4.7,160.0
1553,14,1,41.0,158.0,16.0,5.8,310.0
1554,13,1,38.0,150.0,17.0,5.7,401.0
1555,14,0,52.0,149.0,23.0,4.7,216.0
1556,14,0,40.0,148.0,18.0,4.7,293.0
1557,13,0,55.0,160.0,21.0,5.5,356.0
1558,13,0,55.0,155.0,23.0,5.1,249.0
1559,13,0,32.0,147.0,15.0,4.5,221.0
1560,13,1,36.0,153.0,15.0,5.7,266.0
1561,13,1,37.0,157.0,15.0,5.3,335.0
1562,13,1,46.0,170.0,16.0,5.7,485.0
1563,13,0,47.0,159.0,19.0,4.9,269.0
1564,13,1,49.0,163.0,18.0,5.6,345.0
1565,13,0,68.0,157.0,28.0,5.5,246.0
1566,13,0,54.0,150.0,24.0,4.4,185.0
1567,13,0,51.0,157.0,21.0,4.4,180.0
1568,13,1,38.0,155.0,16.0,5.6,347.0
1569,13,0,44.0,159.0,17.0,4.7,284.0
1570,13,1,49.0,145.0,23.0,5.5,337.0
1571,13,0,38.0,154.0,16.0,5.1,343.0
1572,13,1,44.0,157.0,18.0,4.5,253.0
1573,14,1,60.0,178.0,19.0,6.3,347.0
1574,14,0,56.0,168.0,20.0,5.9,330.0
1575,16,0,50.0,158.0,20.0,5.4,315.0
1576,15,1,60.0,170.0,21.0,6.7,466.0
1577,15,0,50.0,162.0,19.0,4.2,217.0
1578,15,1,60.0,175.0,20.0,6.1,376.0
1579,15,0,46.0,160.0,18.0,5.5,342.0
1580,14,0,50.0,158.0,20.0,5.3,266.0
1581,14,0,50.0,168.0,18.0,5.1,284.0
1582,14,1,46.0,160.0,18.0,5.3,325.0
1583,14,1,50.0,170.0,17.0,6.1,440.0
1584,14,0,50.0,158.0,20.0,5.9,275.0
1585,15,1,58.0,175.0,19.0,6.6,480.0
1586,14,0,52.0,162.0,20.0,4.5,210.0
1587,14,1,52.0,166.0,19.0,5.8,376.0
1588,14,0,48.0,158.0,19.0,3.6,230.0
1589,15,0,46.0,156.0,19.0,5.2,203.0
1590,14,0,48.0,155.0,20.0,5.2,280.0
1591,14,0,50.0,160.0,20.0,5.4,193.0
1592,14,1,46.0,155.0,19.0,4.9,257.0
1593,14,0,56.0,170.0,19.0,5.0,348.0
1594,14,0,56.0,168.0,20.0,5.2,245.0
1595,14,1,54.0,168.0,19.0,6.3,385.0
1596,15,0,52.0,165.0,19.0,6.3,286.0
1597,14,1,42.0,155.0,17.0,5.0,305.0
1598,14,1,58.0,175.0,19.0,5.7,345.0
1599,14,0,54.0,160.0,21.0,5.4,337.0
1600,15,1,50.0,162.0,19.0,6.3,375.0
1601,16,0,50.0,160.0,20.0,5.1,257.0
1602,13,1,36.0,152.0,16.0,5.4,281.0
1603,13,1,43.0,157.0,17.0,5.8,370.0
1604,16,1,51.0,170.0,18.0,6.3,444.0
1605,15,0,58.0,169.0,20.0,5.6,350.0
1606,14,1,48.0,164.0,18.0,6.3,420.0
1607,17,1,66.0,182.0,20.0,6.3,441.0
1608,14,1,37.0,155.0,15.0,6.0,354.0
1609,14,1,50.0,164.0,19.0,5.9,410.0
1610,17,0,56.7,168.0,20.0,5.6,283.0
1611,15,0,50.3,162.0,19.0,5.4,243.0
1612,17,1,56.0,179.0,17.0,6.1,410.0
1613,15,1,58.0,171.0,20.0,6.3,424.0
1614,16,1,67.0,183.0,20.0,7.2,560.0
1615,16,1,52.0,164.0,19.0,5.5,390.0
1616,15,1,44.0,166.0,16.0,6.6,465.0
1617,16,1,60.0,160.0,23.0,4.4,300.0
1618,15,1,41.0,165.0,15.0,6.3,425.0
1619,15,0,44.0,162.0,17.0,5.6,325.0
1620,15,1,51.0,176.0,16.0,6.1,370.0
1621,14,0,36.0,155.0,15.0,4.8,230.0
1622,14,1,50.0,175.0,16.0,6.0,330.0
1623,14,0,52.0,171.0,18.0,4.9,250.0
1624,15,1,49.0,172.0,17.0,5.9,380.0
1625,13,1,57.0,165.0,21.0,4.9,290.0
1626,18,1,61.0,182.0,18.0,6.0,470.0
1627,15,1,49.0,171.0,17.0,5.2,275.0
1628,16,1,47.0,169.0,16.0,7.2,440.0
1629,14,0,44.0,155.0,18.0,5.1,340.0
1630,14,1,49.0,162.0,19.0,5.8,390.0
1631,17,1,56.0,170.0,19.0,7.6,565.0
1632,15,0,62.0,165.0,23.0,4.5,200.0
1633,15,0,55.0,162.0,21.0,5.5,280.0
1634,16,0,49.0,164.0,18.0,5.5,220.0
1635,15,0,42.0,148.0,19.0,6.2,363.0
1636,17,0,62.0,164.0,23.0,4.9,300.0
1637,15,0,47.0,150.0,21.0,4.7,210.0
1638,17,0,66.0,160.0,26.0,5.8,320.0
1639,15,0,44.0,162.0,17.0,5.0,230.0
1640,15,1,62.0,180.0,19.0,6.4,440.0
1641,17,1,55.0,168.0,19.0,6.0,420.0
1642,17,0,60.0,166.0,22.0,4.6,200.0
1643,16,0,47.0,157.0,19.0,5.5,210.0
1644,15,0,57.0,155.0,24.0,5.0,220.0
1645,15,1,65.0,184.0,19.0,6.1,430.0
1646,16,1,63.0,171.0,22.0,6.5,375.0
1647,15,1,45.0,163.0,17.0,7.2,444.0
1648,16,1,52.0,169.0,18.0,6.6,384.0
1649,17,1,65.0,178.0,21.0,6.3,425.0
1650,17,0,52.0,167.0,19.0,6.1,240.0
1651,16,0,42.0,160.0,16.0,5.0,210.0
1652,15,1,45.0,174.0,15.0,6.0,430.0
1653,17,1,72.0,173.0,24.0,5.5,373.0
1654,16,0,46.0,167.0,16.0,5.2,260.0
1655,15,0,58.0,166.0,21.0,4.5,180.0
1656,14,0,45.0,161.0,17.0,5.9,330.0
1657,14,1,41.0,156.0,17.0,6.8,380.0
1658,14,0,54.0,173.0,18.0,5.5,280.0
1659,14,1,59.0,179.0,18.0,6.6,460.0
1660,15,0,46.0,150.0,20.0,4.6,180.0
1661,15,1,51.0,173.0,17.0,5.8,450.0
1662,15,0,57.0,153.0,24.0,4.8,310.0
1663,11,0,52.0,160.0,20.0,4.7,259.0
1664,11,0,33.0,150.0,15.0,4.7,250.0
1665,12,0,44.0,151.0,19.0,5.1,244.0
1666,11,1,44.0,155.0,18.0,5.2,252.0
1667,11,0,49.0,152.0,21.0,4.3,170.0
1668,11,0,43.0,148.0,20.0,4.6,202.0
1669,11,1,49.0,152.0,21.0,4.9,288.0
1670,11,0,29.0,139.0,15.0,4.8,295.0
1671,11,0,40.0,154.0,17.0,4.6,223.0
1672,12,1,38.0,146.0,18.0,5.3,288.0
1673,12,1,51.0,156.0,21.0,5.7,322.0
1674,11,1,38.5,150.0,17.0,5.1,265.0
1675,12,0,44.0,169.0,15.0,4.4,240.0
1676,11,0,42.0,155.0,17.0,4.8,280.0
1677,11,1,29.0,143.0,14.0,4.5,230.0
1678,11,1,35.0,146.0,16.0,5.6,353.0
1679,12,1,45.0,155.0,19.0,4.5,260.0
1680,11,0,38.0,150.0,17.0,5.1,248.0
1681,11,1,32.0,143.0,16.0,5.3,234.0
1682,11,0,40.0,155.0,17.0,4.7,261.0
1683,11,0,48.0,156.0,20.0,4.4,196.0
1684,12,1,40.0,150.0,18.0,5.3,339.0
1685,11,0,67.0,156.0,28.0,3.9,173.0
1686,11,1,37.0,141.0,19.0,5.3,345.0
1687,11,0,37.5,153.0,16.0,5.3,354.0
1688,11,1,49.0,150.0,22.0,4.4,262.0
1689,12,1,35.0,151.0,15.0,5.5,395.0
1690,11,0,35.0,150.0,16.0,4.9,262.0
1691,11,0,42.0,166.0,15.0,4.8,236.0
1692,11,0,36.0,155.0,15.0,5.1,283.0
1693,11,1,42.5,160.0,17.0,5.4,360.0
1694,12,0,38.0,155.0,16.0,4.6,215.0
1695,12,0,62.0,164.0,23.0,4.3,220.0
1696,11,0,29.0,153.0,12.0,4.3,271.0
1697,12,1,48.0,155.0,20.0,5.3,326.0
1698,12,1,37.0,150.0,16.0,5.1,300.0
1699,12,0,77.0,165.0,28.0,3.8,160.0
1700,12,1,33.0,144.0,16.0,5.4,370.0
1701,12,1,42.0,167.0,15.0,5.6,341.0
1702,11,1,33.0,148.0,15.0,5.3,180.0
1703,11,1,53.0,160.0,21.0,5.1,230.0
1704,11,0,33.0,143.0,16.0,4.4,180.0
1705,11,1,45.0,152.0,19.0,5.7,354.0
1706,11,1,33.0,148.0,15.0,4.9,210.0
1707,11,1,36.0,153.0,15.0,5.7,341.0
1708,12,1,37.0,146.0,17.0,5.2,305.0
1709,11,1,33.0,146.0,15.0,4.8,263.0
1710,12,1,47.0,153.0,20.0,5.6,288.0
1711,11,0,38.0,150.0,17.0,5.3,260.0
1712,11,0,61.0,148.0,28.0,5.1,204.0
1713,11,1,40.5,143.0,20.0,5.2,288.0
1714,16,1,47.0,176.0,15.0,5.2,290.0
1715,13,1,40.0,153.0,17.0,5.1,267.0
1716,13,0,41.0,155.0,17.0,4.5,185.0
1717,11,1,52.0,163.0,20.0,4.3,257.0
1718,15,1,54.0,167.0,19.0,5.8,384.0
1719,12,0,35.0,148.0,16.0,5.1,196.0
1720,12,1,48.0,152.0,21.0,4.5,300.0
1721,12,0,40.0,152.0,17.0,5.1,247.0
1722,12,1,42.0,156.0,17.0,5.9,335.0
1723,13,1,55.0,165.0,20.0,5.7,375.0
1724,13,1,35.0,145.0,17.0,4.7,266.0
1725,11,1,37.0,147.0,17.0,5.0,315.0
1726,11,0,35.0,150.0,16.0,4.1,212.0
1727,12,1,44.0,155.0,18.0,4.4,315.0
1728,11,1,41.0,149.0,18.0,5.1,330.0
1729,12,0,39.0,146.0,18.0,4.9,320.0
1730,11,1,37.0,155.0,15.0,5.1,300.0
1731,11,0,39.0,150.0,17.0,5.3,283.0
1732,12,0,37.0,160.0,14.0,5.1,227.0
1733,11,0,36.0,157.0,15.0,4.5,240.0
1734,11,0,39.0,150.0,17.0,5.1,245.0
1735,12,1,37.0,147.0,17.0,5.6,332.0
1736,12,0,61.0,162.0,23.0,4.7,258.0
1737,12,1,38.0,156.0,16.0,5.1,309.0
1738,11,1,43.0,159.0,17.0,5.6,350.0
1739,15,1,55.0,175.0,18.0,5.3,360.0
1740,15,1,53.0,175.0,17.0,6.0,423.0
1741,15,1,64.0,170.0,22.0,6.6,450.0
1742,13,1,49.0,156.0,20.0,5.2,344.0
1743,13,1,50.0,165.0,18.0,5.9,356.0
1744,14,1,43.0,156.0,18.0,5.3,306.0
1745,14,1,48.0,170.0,17.0,5.4,352.0
1746,13,1,81.0,178.0,26.0,5.7,270.0
1747,12,1,45.0,155.0,19.0,4.5,250.0
1748,12,0,41.0,155.0,17.0,4.7,249.0
1749,12,1,39.0,158.0,16.0,5.6,355.0
1750,13,0,31.0,146.0,15.0,4.9,292.0
1751,12,0,54.0,164.0,20.0,5.0,243.0
1752,12,1,53.0,165.0,19.0,6.0,440.0
1753,11,0,34.0,144.0,16.0,4.9,267.0
1754,11,0,51.0,151.0,22.0,4.6,172.0
1755,11,0,42.0,150.0,19.0,4.8,216.0
1756,11,1,35.0,150.0,16.0,5.4,329.0
1757,12,0,54.0,158.0,22.0,4.7,200.0
1758,11,1,49.0,155.0,20.0,4.8,322.0
1759,11,1,37.0,145.0,18.0,5.1,330.0
1760,11,0,40.0,148.0,18.0,5.1,260.0
1761,12,0,41.0,153.0,18.0,4.8,230.0
1762,11,1,47.0,155.0,20.0,5.1,334.0
1763,11,0,36.0,150.0,16.0,5.3,198.0
1764,11,1,33.0,150.0,15.0,5.6,347.0
1765,11,0,37.0,156.0,15.0,4.8,210.0
1766,12,0,52.0,163.0,20.0,4.9,237.0
1767,11,1,37.0,145.0,18.0,5.4,318.0
1768,14,1,58.0,165.0,21.0,5.6,337.0
1769,13,0,80.0,155.0,33.0,4.3,170.0
1770,13,1,30.0,145.0,14.0,5.5,353.0
1771,13,0,49.0,155.0,20.0,4.6,206.0
1772,12,1,48.0,157.0,19.0,5.7,370.0
1773,15,1,66.0,165.0,24.0,5.6,343.0
1774,14,1,39.0,160.0,15.0,4.8,287.0
1775,13,1,39.0,150.0,17.0,4.8,337.0
1776,15,1,49.0,170.0,17.0,5.4,368.0
1777,14,1,53.0,164.0,20.0,5.6,390.0
1778,15,1,64.0,171.0,22.0,6.6,476.0
1779,18,1,65.0,180.0,20.0,6.3,500.0
1780,16,0,47.0,154.0,20.0,4.8,256.0
1781,15,0,55.0,163.0,21.0,5.1,240.0
1782,16,0,46.0,150.0,20.0,4.8,280.0
1783,14,0,52.0,158.0,21.0,5.2,222.0
1784,14,0,63.0,163.0,24.0,5.1,315.0
1785,15,0,46.0,155.0,19.0,4.9,306.0
1786,14,1,48.0,176.0,15.0,5.7,354.0
1787,14,1,55.0,173.0,18.0,6.3,393.0
1788,14,0,51.0,160.0,20.0,4.4,226.0
1789,14,0,64.0,170.0,22.0,5.3,300.0
1790,13,0,48.0,165.0,18.0,4.8,218.0
1791,14,1,45.0,162.0,17.0,6.1,484.0
1792,13,1,49.0,163.0,18.0,5.3,351.0
1793,13,1,48.0,170.0,17.0,5.3,374.0
1794,13,1,40.0,153.0,17.0,4.9,306.0
1795,13,0,55.0,164.0,20.0,5.2,267.0
1796,13,0,46.0,156.0,19.0,4.4,238.0
1797,13,0,51.0,160.0,20.0,5.4,333.0
1798,13,0,55.0,160.0,21.0,5.2,292.0
1799,13,0,57.0,163.0,21.0,4.7,230.0
1800,13,0,50.0,171.0,17.0,4.4,240.0
1801,13,1,67.0,172.0,23.0,5.6,318.0
1802,14,0,48.0,160.0,19.0,4.6,261.0
1803,17,1,50.0,170.0,17.0,6.2,464.0
1804,15,1,50.0,175.0,16.0,5.9,380.0
1805,15,1,63.0,179.0,20.0,6.0,422.0
1806,13,0,49.0,153.0,21.0,4.7,195.0
1807,13,1,80.0,165.0,29.0,4.3,281.0
1808,13,1,32.0,150.0,14.0,5.5,260.0
1809,16,1,78.0,175.0,25.0,5.7,375.0
1810,16,1,67.0,180.0,21.0,6.5,526.0
1811,17,1,52.0,170.0,18.0,6.1,380.0
1812,16,1,54.0,167.0,19.0,6.7,500.0
1813,17,1,69.0,178.0,22.0,6.0,460.0
1814,17,1,57.0,170.0,20.0,6.3,390.0
1815,14,0,62.0,160.0,24.0,4.7,174.0
1816,15,0,43.0,160.0,17.0,4.9,205.0
1817,14,0,49.0,155.0,20.0,4.7,344.0
1818,14,1,48.0,156.0,20.0,5.5,370.0
1819,14,1,52.0,160.0,20.0,6.0,370.0
1820,14,0,63.0,160.0,25.0,4.7,215.0
1821,14,1,55.0,170.0,19.0,6.0,352.0
1822,16,1,55.0,172.0,19.0,6.6,490.0
1823,15,1,50.0,172.0,17.0,6.2,445.0
1824,13,1,46.0,160.0,18.0,5.7,388.0
1825,14,0,53.0,167.0,19.0,5.5,368.0
1826,13,1,43.0,163.0,16.0,5.4,364.0
1827,14,0,36.0,145.0,17.0,4.6,211.0
1828,13,0,78.0,158.0,31.0,5.2,214.0
1829,13,0,42.0,155.0,17.0,4.9,270.0
1830,13,0,54.0,160.0,21.0,4.8,177.0
1831,13,0,48.0,171.0,16.0,4.9,260.0
1832,13,0,55.0,160.0,21.0,5.0,225.0
1833,13,0,60.0,152.0,26.0,5.1,204.0
1834,13,0,47.0,157.0,19.0,5.6,274.0
1835,13,0,45.0,162.0,17.0,5.1,295.0
1836,17,1,73.0,177.0,23.0,6.2,493.0
1837,13,0,58.5,155.0,24.0,5.3,270.0
1838,15,1,57.0,177.0,18.0,6.3,484.0
1839,16,1,76.0,184.0,22.0,6.5,474.0
1840,14,0,51.0,153.0,22.0,5.0,208.0
1841,14,1,59.0,175.0,19.0,5.9,440.0
1842,14,1,61.0,165.0,22.0,5.3,300.0
1843,14,0,46.0,159.0,18.0,3.7,226.0
1844,14,1,35.0,160.0,14.0,5.3,320.0
1845,14,1,56.0,180.0,17.0,6.7,413.0
1846,14,0,52.0,161.0,20.0,5.1,246.0
1847,14,1,49.0,160.0,19.0,5.6,370.0
1848,13,0,47.0,157.0,19.0,5.1,287.0
1849,13,1,54.0,173.0,18.0,5.3,344.0
1850,14,1,37.0,155.0,15.0,5.8,333.0
1851,15,0,52.0,157.0,21.0,5.2,203.0
